file_name,mode,audio_link,,,,,,,,,,,,,,,,,,,,
./audio/1 አአትብ ወእትነሳዕ.mp3,geez,https://eathebook.org/zema_bet/መስተብቊዕና ሰዓታት/ኪዳንና ሰዓታት/ሰዓታት/1 አአትብ ወእትነሳዕ.mp3,,,,,,,,,,,,,,,,,,,,
./audio/2 እንዘ ነአኲቶ.mp3,geez,https://eathebook.org/zema_bet/መስተብቊዕና ሰዓታት/ኪዳንና ሰዓታት/ሰዓታት/2 እንዘ ነአኲቶ.mp3,,,,,,,,,,,,,,,,,,,,
./audio/3 ጸልዩ.mp3,geez,https://eathebook.org/zema_bet/መስተብቊዕና ሰዓታት/ኪዳንና ሰዓታት/ሰዓታት/3 ጸልዩ.mp3,,,,,,,,,,,,,,,,,,,,
./audio/4 እግዚኦ ዘኩሎ_1.mp3,geez,https://eathebook.org/zema_bet/መስተብቊዕና ሰዓታት/ኪዳንና ሰዓታት/ሰዓታት/4 እግዚኦ ዘኩሎ.mp3,,,,,,,,,,,,,,,,,,,,
./audio/4 እግዚኦ ዘኩሎ_2.mp3,geez,https://eathebook.org/zema_bet/መስተብቊዕና ሰዓታት/ኪዳንና ሰዓታት/ሰዓታት/,,,,,,,,,,,,,,,,,,,,
./audio/5 ይትባረክ.mp3,araray,https://eathebook.org/zema_bet/መስተብቊዕና ሰዓታት/ኪዳንና ሰዓታት/ሰዓታት/4 እግዚኦ ዘኩሎ.mp3,,,,,,,,,,,,,,,,,,,,
./audio/6 ቅዱስ_1.mp3,araray,https://eathebook.org/zema_bet/መስተብቊዕና ሰዓታት/ኪዳንና ሰዓታት/ሰዓታት/5 ይትባረክ.mp3,,,,,,,,,,,,,,,,,,,,
./audio/6 ቅዱስ_2.mp3,araray,https://eathebook.org/zema_bet/መስተብቊዕና ሰዓታት/ኪዳንና ሰዓታት/ሰዓታት/6 ቅዱስ.mp3,,,,,,,,,,,,,,,,,,,,
./audio/6 ቅዱስ_3.mp3,araray,https://eathebook.org/zema_bet/መስተብቊዕና ሰዓታት/ኪዳንና ሰዓታት/ሰዓታት/6 ቅዱስ.mp3,,,,,,,,,,,,,,,,,,,,
./audio/7 ግነዩ_1.mp3,araray,https://eathebook.org/zema_bet/መስተብቊዕና ሰዓታት/ኪዳንና ሰዓታት/ሰዓታት/7 ግነዩ.mp3,,,,,,,,,,,,,,,,,,,,
./audio/7 ግነዩ_2.mp3,araray,https://eathebook.org/zema_bet/መስተብቊዕና ሰዓታት/ኪዳንና ሰዓታት/ሰዓታት/7 ግነዩ.mp3,,,,,,,,,,,,,,,,,,,,
./audio/7 ግነዩ_3.mp3,araray,https://eathebook.org/zema_bet/መስተብቊዕና ሰዓታት/ኪዳንና ሰዓታት/ሰዓታት/7 ግነዩ.mp3,,,,,,,,,,,,,,,,,,,,
./audio/8 ምህረተከ እሴብሕ_1.mp3,araray,https://eathebook.org/zema_bet/መስተብቊዕና ሰዓታት/ኪዳንና ሰዓታት/ሰዓታት/8 ምህረተከ እሴብህ.mp3,,,,,,,,,,,,,,,,,,,,
./audio/8 ምህረተከ እሴብሕ_2.mp3,araray,https://eathebook.org/zema_bet/መስተብቊዕና ሰዓታት/ኪዳንና ሰዓታት/ሰዓታት/8 ምህረተከ እሴብህ.mp3,,,,,,,,,,,,,,,,,,,,
./audio/8 ምህረተከ እሴብሕ_3.mp3,araray,https://eathebook.org/zema_bet/መስተብቊዕና ሰዓታት/ኪዳንና ሰዓታት/ሰዓታት/8 ምህረተከ እሴብህ.mp3,,,,,,,,,,,,,,,,,,,,
./audio/9 እዌድሰኪ_1.mp3,geez,https://eathebook.org/zema_bet/መስተብቊዕና ሰዓታት/ኪዳንና ሰዓታት/ሰዓታት/9 እዌድሰኪ.mp3,,,,,,,,,,,,,,,,,,,,
./audio/9 እዌድሰኪ_2.mp3,geez,https://eathebook.org/zema_bet/መስተብቊዕና ሰዓታት/ኪዳንና ሰዓታት/ሰዓታት/9 እዌድሰኪ.mp3,,,,,,,,,,,,,,,,,,,,
./audio/9 እዌድሰኪ_3.mp3,geez,https://eathebook.org/zema_bet/መስተብቊዕና ሰዓታት/ኪዳንና ሰዓታት/ሰዓታት/9 እዌድሰኪ.mp3,,,,,,,,,,,,,,,,,,,,
./audio/9 እዌድሰኪ_4.mp3,geez,https://eathebook.org/zema_bet/መስተብቊዕና ሰዓታት/ኪዳንና ሰዓታት/ሰዓታት/9 እዌድሰኪ.mp3,,,,,,,,,,,,,,,,,,,,
./audio/9 እዌድሰኪ_5.mp3,geez,https://eathebook.org/zema_bet/መስተብቊዕና ሰዓታት/ኪዳንና ሰዓታት/ሰዓታት/9 እዌድሰኪ.mp3,,,,,,,,,,,,,,,,,,,,
./audio/13 ተዘከር እግዚኦ.mp3,geez,https://eathebook.org/zema_bet/መስተብቊዕና ሰዓታት/ኪዳንና ሰዓታት/ሰዓታት/13 ተዘከር እግዚኦ.mp3,,,,,,,,,,,,,,,,,,,,
./audio/14 ተዘከር እግዚኦ_1.mp3,geez,https://eathebook.org/zema_bet/መስተብቊዕና ሰዓታት/ኪዳንና ሰዓታት/ሰዓታት/14 ተዘከር እግዚኦ.mp3,,,,,,,,,,,,,,,,,,,,
./audio/14 ተዘከር እግዚኦ_2.mp3,araray,https://eathebook.org/zema_bet/መስተብቊዕና ሰዓታት/ኪዳንና ሰዓታት/ሰዓታት/14 ተዘከር እግዚኦ.mp3,,,,,,,,,,,,,,,,,,,,
./audio/17 ንዒ ኀቤየ_1.mp3,geez,https://eathebook.org/zema_bet/መስተብቊዕና ሰዓታት/ኪዳንና ሰዓታት/ሰዓታት/17 ንዒ ኀቤየ.mp3,,,,,,,,,,,,,,,,,,,,
./audio/17 ንዒ ኀቤየ_2.mp3,geez,https://eathebook.org/zema_bet/መስተብቊዕና ሰዓታት/ኪዳንና ሰዓታት/ሰዓታት/17 ንዒ ኀቤየ.mp3,,,,,,,,,,,,,,,,,,,,
./audio/17 ንዒ ኀቤየ_3.mp3,geez,https://eathebook.org/zema_bet/መስተብቊዕና ሰዓታት/ኪዳንና ሰዓታት/ሰዓታት/17 ንዒ ኀቤየ.mp3,,,,,,,,,,,,,,,,,,,,
./audio/17 ንዒ ኀቤየ_4.mp3,geez,https://eathebook.org/zema_bet/መስተብቊዕና ሰዓታት/ኪዳንና ሰዓታት/ሰዓታት/17 ንዒ ኀቤየ.mp3,,,,,,,,,,,,,,,,,,,,
./audio/17 ንዒ ኀቤየ_5.mp3,araray,https://eathebook.org/zema_bet/መስተብቊዕና ሰዓታት/ኪዳንና ሰዓታት/ሰዓታት/17 ንዒ ኀቤየ.mp3,,,,,,,,,,,,,,,,,,,,
./audio/17 ንዒ ኀቤየ_6.mp3,araray,https://eathebook.org/zema_bet/መስተብቊዕና ሰዓታት/ኪዳንና ሰዓታት/ሰዓታት/17 ንዒ ኀቤየ.mp3,,,,,,,,,,,,,,,,,,,,
./audio/18 ንሴብሖ_1.mp3,araray,https://eathebook.org/zema_bet/መስተብቊዕና ሰዓታት/ኪዳንና ሰዓታት/ሰዓታት/18 ንሴብሖ.mp3,,,,,,,,,,,,,,,,,,,,
./audio/18 ንሴብሖ_2.mp3,araray,https://eathebook.org/zema_bet/መስተብቊዕና ሰዓታት/ኪዳንና ሰዓታት/ሰዓታት/18 ንሴብሖ.mp3,,,,,,,,,,,,,,,,,,,,
./audio/19 ቅዱስ ቅዱስ.mp3,araray,https://eathebook.org/zema_bet/መስተብቊዕና ሰዓታት/ኪዳንና ሰዓታት/ሰዓታት/19 ቅዱስ ቅዱስ.mp3,,,,,,,,,,,,,,,,,,,,
./audio/20 ገነይነ ለኪ_1.mp3,araray,https://eathebook.org/zema_bet/መስተብቊዕና ሰዓታት/ኪዳንና ሰዓታት/ሰዓታት/20 ገነይነ ለኪ.mp3,,,,,,,,,,,,,,,,,,,,
./audio/20 ገነይነ ለኪ_2.mp3,araray,https://eathebook.org/zema_bet/መስተብቊዕና ሰዓታት/ኪዳንና ሰዓታት/ሰዓታት/20 ገነይነ ለኪ.mp3,,,,,,,,,,,,,,,,,,,,
./audio/20 ገነይነ ለኪ_3.mp3,araray,https://eathebook.org/zema_bet/መስተብቊዕና ሰዓታት/ኪዳንና ሰዓታት/ሰዓታት/20 ገነይነ ለኪ.mp3,,,,,,,,,,,,,,,,,,,,
./audio/22 ሰአሊ ለነ.mp3,araray,https://eathebook.org/zema_bet/መስተብቊዕና ሰዓታት/ኪዳንና ሰዓታት/ሰዓታት/22 ሰአሊ ለነ.mp3,,,,,,,,,,,,,,,,,,,,
./audio/23 ሰአል ለነ አዳም አቡነ_1.mp3,araray,https://eathebook.org/zema_bet/መስተብቊዕና ሰዓታት/ኪዳንና ሰዓታት/ሰዓታት/23 ሰአል ለነ.mp3,,,,,,,,,,,,,,,,,,,,
./audio/23 ሰአል ለነ አዳም አቡነ_2.mp3,araray,https://eathebook.org/zema_bet/መስተብቊዕና ሰዓታት/ኪዳንና ሰዓታት/ሰዓታት/23 ሰአል ለነ.mp3,,,,,,,,,,,,,,,,,,,,
./audio/23 ሰአል ለነ አዳም አቡነ_3.mp3,araray,https://eathebook.org/zema_bet/መስተብቊዕና ሰዓታት/ኪዳንና ሰዓታት/ሰዓታት/23 ሰአል ለነ.mp3,,,,,,,,,,,,,,,,,,,,
./audio/23 ሰአል ለነ አዳም አቡነ_4.mp3,araray,https://eathebook.org/zema_bet/መስተብቊዕና ሰዓታት/ኪዳንና ሰዓታት/ሰዓታት/23 ሰአል ለነ.mp3,,,,,,,,,,,,,,,,,,,,
./audio/23 ሰአል ለነ አዳም አቡነ_5.mp3,araray,https://eathebook.org/zema_bet/መስተብቊዕና ሰዓታት/ኪዳንና ሰዓታት/ሰዓታት/23 ሰአል ለነ.mp3,,,,,,,,,,,,,,,,,,,,
./audio/24 ሰአል ለነ ዮሐንስ ድንግል_1.mp3,araray,https://eathebook.org/zema_bet/መስተብቊዕና ሰዓታት/ኪዳንና ሰዓታት/ሰዓታት/24 ሰአል ለነ.mp3,,,,,,,,,,,,,,,,,,,,
./audio/24 ሰአል ለነ ዮሐንስ ድንግል_2.mp3,araray,https://eathebook.org/zema_bet/መስተብቊዕና ሰዓታት/ኪዳንና ሰዓታት/ሰዓታት/24 ሰአል ለነ.mp3,,,,,,,,,,,,,,,,,,,,
./audio/24 ሰአል ለነ ዮሐንስ ድንግል_3.mp3,araray,https://eathebook.org/zema_bet/መስተብቊዕና ሰዓታት/ኪዳንና ሰዓታት/ሰዓታት/24 ሰአል ለነ.mp3,,,,,,,,,,,,,,,,,,,,
./audio/24 ሰአል ለነ ዮሐንስ ድንግል_4.mp3,araray,https://eathebook.org/zema_bet/መስተብቊዕና ሰዓታት/ኪዳንና ሰዓታት/ሰዓታት/24 ሰአል ለነ.mp3,,,,,,,,,,,,,,,,,,,,
./audio/24 ሰአል ለነ ዮሐንስ ድንግል_5.mp3,araray,https://eathebook.org/zema_bet/መስተብቊዕና ሰዓታት/ኪዳንና ሰዓታት/ሰዓታት/24 ሰአል ለነ.mp3,,,,,,,,,,,,,,,,,,,,
./audio/25 ሰአሉ ለነ.mp3,araray,https://eathebook.org/zema_bet/መስተብቊዕና ሰዓታት/ኪዳንና ሰዓታት/ሰዓታት/25 ሰአሉ ለነ.mp3,,,,,,,,,,,,,,,,,,,,
./audio/27 ጥኡመ ልሳን.mp3,araray,https://eathebook.org/zema_bet/መስተብቊዕና ሰዓታት/ኪዳንና ሰዓታት/ሰዓታት/27 ጥኡመ ልሳን.mp3,,,,,,,,,,,,,,,,,,,,
./audio/29 ከመ ዕፀ አርዝ.mp3,araray,https://eathebook.org/zema_bet/መስተብቊዕና ሰዓታት/ኪዳንና ሰዓታት/ሰዓታት/29 ከመ ዕፀ አርዝ.mp3,,,,,,,,,,,,,,,,,,,,
./audio/31 አንቅዕተ ሕግ.mp3,araray,https://eathebook.org/zema_bet/መስተብቊዕና ሰዓታት/ኪዳንና ሰዓታት/ሰዓታት/31 አንቅዕተ ሕግ.mp3,,,,,,,,,,,,,,,,,,,,
./audio/32 ተንሥኡ.mp3,araray,https://eathebook.org/zema_bet/መስተብቊዕና ሰዓታት/ኪዳንና ሰዓታት/ሰዓታት/32 ተንሥኡ.mp3,,,,,,,,,,,,,,,,,,,,
./audio/33 እግዚኦ ተሠሃለነ.mp3,araray,https://eathebook.org/zema_bet/መስተብቊዕና ሰዓታት/ኪዳንና ሰዓታት/ሰዓታት/33 እግዚኦ ተሠሃለነ.mp3,,,,,,,,,,,,,,,,,,,,
./audio/35 ጸልዩ.mp3,araray,https://eathebook.org/zema_bet/መስተብቊዕና ሰዓታት/ኪዳንና ሰዓታት/ሰዓታት/35 ጸልዩ.mp3,,,,,,,,,,,,,,,,,,,,
./audio/32 33 35 ተንሥኡ እግዚኦ ተሠሃለነ ጸልዩ.mp3,araray,https://eathebook.org/zema_bet/መስተብቊዕና ሰዓታት/ኪዳንና ሰዓታት/ሰዓታት/35 ጸልዩ.mp3,,,,,,,,,,,,,,,,,,,,
./audio/34 እግዚአብሔር እግዚኦ.mp3,araray,https://eathebook.org/zema_bet/መስተብቊዕና ሰዓታት/ኪዳንና ሰዓታት/ሰዓታት/34 እግዚአብሔር እግዚኦ.mp3,,,,,,,,,,,,,,,,,,,,
./audio/37 አሜሃ መልዐ.mp3,araray,https://eathebook.org/zema_bet/መስተብቊዕና ሰዓታት/ኪዳንና ሰዓታት/ሰዓታት/37 አሜሃ መልዐ.mp3,,,,,,,,,,,,,,,,,,,,
./audio/38 ተዘከር.mp3,araray,https://eathebook.org/zema_bet/መስተብቊዕና ሰዓታት/ኪዳንና ሰዓታት/ሰዓታት/38 ተዘከር.mp3,,,,,,,,,,,,,,,,,,,,
./audio/39 ሃሌ ሉያ ቁሙ ወአጽምዑ.mp3,araray,https://eathebook.org/zema_bet/መስተብቊዕና ሰዓታት/ኪዳንና ሰዓታት/ሰዓታት/39 ሃሌ ሉያ ቁሙ ወአጽምዑ.mp3,,,,,,,,,,,,,,,,,,,,
./audio/40 ወንጌል ቅዱስ.mp3,araray,https://eathebook.org/zema_bet/መስተብቊዕና ሰዓታት/ኪዳንና ሰዓታት/ሰዓታት/40 ወንጌል ቅዱስ.mp3,,,,,,,,,,,,,,,,,,,,
./audio/42 ሃሌ ሉያ.mp3,araray,https://eathebook.org/zema_bet/መስተብቊዕና ሰዓታት/ኪዳንና ሰዓታት/ሰዓታት/42 ሃሌ ሉያ.mp3,,,,,,,,,,,,,,,,,,,,
./audio/44 እስመ ተለዓለ ስሙ.mp3,geez,https://eathebook.org/zema_bet/መስተብቊዕና ሰዓታት/ኪዳንና ሰዓታት/ሰዓታት/44 እስመ ተለዓለ ስሙ.mp3,,,,,,,,,,,,,,,,,,,,
./audio/46 ኢየሱስ ክርስቶስ.mp3,araray,https://eathebook.org/zema_bet/መስተብቊዕና ሰዓታት/ኪዳንና ሰዓታት/ሰዓታት/46 ኢየሱስ ክርስቶስ.mp3,,,,,,,,,,,,,,,,,,,,
./audio/48 ኦ ዘለከ.mp3,araray,https://eathebook.org/zema_bet/መስተብቊዕና ሰዓታት/ኪዳንና ሰዓታት/ሰዓታት/48 ኦ ዘለከ.mp3,,,,,,,,,,,,,,,,,,,,
./audio/50 ስቡሕ አንተ.mp3,araray,https://eathebook.org/zema_bet/መስተብቊዕና ሰዓታት/ኪዳንና ሰዓታት/ሰዓታት/50 ስቡሕ አንተ.mp3,,,,,,,,,,,,,,,,,,,,
./audio/51 ወዘሕጎ ያነብብ.mp3,araray,https://eathebook.org/zema_bet/መስተብቊዕና ሰዓታት/ኪዳንና ሰዓታት/ሰዓታት/51 ወዘሕጎ ያነብብ.mp3,,,,,,,,,,,,,,,,,,,,
./audio/53 ረስየነ ድልዋነ.mp3,geez,https://eathebook.org/zema_bet/መስተብቊዕና ሰዓታት/ኪዳንና ሰዓታት/ሰዓታት/53 ረስየነ ድልዋነ.mp3,,,,,,,,,,,,,,,,,,,,
./audio/57 መንፈቀ ሌሊት.mp3,araray,https://eathebook.org/zema_bet/መስተብቊዕና ሰዓታት/ኪዳንና ሰዓታት/ሰዓታት/57 መንፈቀ ሌሊት.mp3,,,,,,,,,,,,,,,,,,,,
./audio/62 እስመ ጽልመትኒ ምስባክ.mp3,araray,https://eathebook.org/zema_bet/መስተብቊዕና ሰዓታት/ኪዳንና ሰዓታት/ሰዓታት/62 እስመ ጽልመትኒ ምስባክ.mp3,,,,,,,,,,,,,,,,,,,,
./audio/67 ምስባክ እግዚአብሔር አምላከ መድኃኒትየ.mp3,araray,https://eathebook.org/zema_bet/መስተብቊዕና ሰዓታት/ኪዳንና ሰዓታት/ሰዓታት/67 ምስባክ እግዚአብሔር አምላከ መድኃኒትየ.mp3,,,,,,,,,,,,,,,,,,,,
./audio/68 ምስባክ ሌሊተ ተዛዋዕኩ.mp3,araray,https://eathebook.org/zema_bet/መስተብቊዕና ሰዓታት/ኪዳንና ሰዓታት/ሰዓታት/68 ምስባክ ሌሊተ ተዛዋዕኩ.mp3,,,,,,,,,,,,,,,,,,,,
./audio/73 ምስባክ ተዘከርኩ በሌሊት.mp3,araray,https://eathebook.org/zema_bet/መስተብቊዕና ሰዓታት/ኪዳንና ሰዓታት/ሰዓታት/73 ምስባክ ተዘከርኩ በሌሊት.mp3,,,,,,,,,,,,,,,,,,,,
./audio/76 እስመ ውእቱ ዘወሀበ.mp3,araray,https://eathebook.org/zema_bet/መስተብቊዕና ሰዓታት/ኪዳንና ሰዓታት/ሰዓታት/76 እስመ ውእቱ ዘወሀበ.mp3,,,,,,,,,,,,,,,,,,,,
./audio/78 እስመ ውእቱ ዘበነቢያት.mp3,araray,https://eathebook.org/zema_bet/መስተብቊዕና ሰዓታት/ኪዳንና ሰዓታት/ሰዓታት/78 እስመ ውእቱ ዘበነቢያት.mp3,,,,,,,,,,,,,,,,,,,,
./audio/80 ልዑል እምልዑላን.mp3,araray,https://eathebook.org/zema_bet/መስተብቊዕና ሰዓታት/ኪዳንና ሰዓታት/ሰዓታት/80 ልዑል እምልዑላን.mp3,,,,,,,,,,,,,,,,,,,,
./audio/81 ምስባክ በሌሊት አንሥኡ.mp3,araray,https://eathebook.org/zema_bet/መስተብቊዕና ሰዓታት/ኪዳንና ሰዓታት/ሰዓታት/81 ምስባክ በሌሊት አንሥኡ.mp3,,,,,,,,,,,,,,,,,,,,
./audio/83 ረስየነ ድልዋነ.mp3,geez,https://eathebook.org/zema_bet/መስተብቊዕና ሰዓታት/ኪዳንና ሰዓታት/ሰዓታት/83 ረስየነ ድልዋነ.mp3,,,,,,,,,,,,,,,,,,,,
./audio/84 እስመ ተለዐለ ስሙ.mp3,geez,https://eathebook.org/zema_bet/መስተብቊዕና ሰዓታት/ኪዳንና ሰዓታት/ሰዓታት/84 እስመ ተለዐለ ስሙ.mp3,,,,,,,,,,,,,,,,,,,,
./audio/85 ኲሎሙ ዘዘወትር.mp3,araray,https://eathebook.org/zema_bet/መስተብቊዕና ሰዓታት/ኪዳንና ሰዓታት/ሰዓታት/85 ኲሎሙ ዘዘወትር.mp3,,,,,,,,,,,,,,,,,,,,
./audio/86 ቅዱስ ቅዱስ.mp3,araray,https://eathebook.org/zema_bet/መስተብቊዕና ሰዓታት/ኪዳንና ሰዓታት/ሰዓታት/86 ቅዱስ ቅዱስ.mp3,,,,,,,,,,,,,,,,,,,,
./audio/87 ወባቲ ለዛቲ_1.mp3,araray,https://eathebook.org/zema_bet/መስተብቊዕና ሰዓታት/ኪዳንና ሰዓታት/ሰዓታት/87 ወባቲ ለዛቲ.mp3,,,,,,,,,,,,,,,,,,,,
./audio/87 ወባቲ ለዛቲ_2.mp3,araray,https://eathebook.org/zema_bet/መስተብቊዕና ሰዓታት/ኪዳንና ሰዓታት/ሰዓታት/87 ወባቲ ለዛቲ.mp3,,,,,,,,,,,,,,,,,,,,
./audio/87 ወባቲ ለዛቲ_3.mp3,araray,https://eathebook.org/zema_bet/መስተብቊዕና ሰዓታት/ኪዳንና ሰዓታት/ሰዓታት/87 ወባቲ ለዛቲ.mp3,,,,,,,,,,,,,,,,,,,,
./audio/87 ወባቲ ለዛቲ_4.mp3,araray,https://eathebook.org/zema_bet/መስተብቊዕና ሰዓታት/ኪዳንና ሰዓታት/ሰዓታት/87 ወባቲ ለዛቲ.mp3,,,,,,,,,,,,,,,,,,,,
./audio/87 ወባቲ ለዛቲ_5.mp3,araray,https://eathebook.org/zema_bet/መስተብቊዕና ሰዓታት/ኪዳንና ሰዓታት/ሰዓታት/87 ወባቲ ለዛቲ.mp3,,,,,,,,,,,,,,,,,,,,
./audio/87 ወባቲ ለዛቲ_6.mp3,araray,https://eathebook.org/zema_bet/መስተብቊዕና ሰዓታት/ኪዳንና ሰዓታት/ሰዓታት/87 ወባቲ ለዛቲ.mp3,,,,,,,,,,,,,,,,,,,,
./audio/88 ተሰሃለነ እግዚኦ.mp3,araray,https://eathebook.org/zema_bet/መስተብቊዕና ሰዓታት/ኪዳንና ሰዓታት/ሰዓታት/88 ተሰሃለነ እግዚኦ.mp3,,,,,,,,,,,,,,,,,,,,
./audio/በእንተ ኪሩቤል.mp3,araray,https://eathebook.org/zema_bet/መስተብቊዕና ሰዓታት/ኪዳንና ሰዓታት/ሰዓታት/በእንተ ኪሩቤል.mp3,,,,,,,,,,,,,,,,,,,,
./audio/90 ተሰሃለነ እግዚኦ.mp3,araray,https://eathebook.org/zema_bet/መስተብቊዕና ሰዓታት/ኪዳንና ሰዓታት/ሰዓታት/90 ተሰሃለነ እግዚኦ.mp3,,,,,,,,,,,,,,,,,,,,
./audio/91 በእንተ ሳቁኤል.mp3,araray,https://eathebook.org/zema_bet/መስተብቊዕና ሰዓታት/ኪዳንና ሰዓታት/ሰዓታት/91 በእንተ ሳቁኤል.mp3,,,,,,,,,,,,,,,,,,,,
./audio/92  ተሰሃለነ እግዚኦ.mp3,araray,https://eathebook.org/zema_bet/መስተብቊዕና ሰዓታት/ኪዳንና ሰዓታት/ሰዓታት/92  ተሰሃለነ እግዚኦ.mp3,,,,,,,,,,,,,,,,,,,,
./audio/93 በእንተ ነቢያት_1.mp3,araray,https://eathebook.org/zema_bet/መስተብቊዕና ሰዓታት/ኪዳንና ሰዓታት/ሰዓታት/93 በእንተ ነቢያት.mp3,,,,,,,,,,,,,,,,,,,,
./audio/93 በእንተ ነቢያት_2.mp3,araray,https://eathebook.org/zema_bet/መስተብቊዕና ሰዓታት/ኪዳንና ሰዓታት/ሰዓታት/93 በእንተ ነቢያት.mp3,,,,,,,,,,,,,,,,,,,,
./audio/93 በእንተ ነቢያት_3.mp3,araray,https://eathebook.org/zema_bet/መስተብቊዕና ሰዓታት/ኪዳንና ሰዓታት/ሰዓታት/93 በእንተ ነቢያት.mp3,,,,,,,,,,,,,,,,,,,,
./audio/94 ኲሎሙ ዘእግዝእትነ_1.mp3,araray,https://eathebook.org/zema_bet/መስተብቊዕና ሰዓታት/ኪዳንና ሰዓታት/ሰዓታት/94 ኲሎሙ ዘእግዝእትነ.mp3,,,,,,,,,,,,,,,,,,,,
./audio/94 ኲሎሙ ዘእግዝእትነ_2.mp3,araray,https://eathebook.org/zema_bet/መስተብቊዕና ሰዓታት/ኪዳንና ሰዓታት/ሰዓታት/94 ኲሎሙ ዘእግዝእትነ.mp3,,,,,,,,,,,,,,,,,,,,
./audio/94 ኲሎሙ ዘእግዝእትነ_3.mp3,araray,https://eathebook.org/zema_bet/መስተብቊዕና ሰዓታት/ኪዳንና ሰዓታት/ሰዓታት/94 ኲሎሙ ዘእግዝእትነ.mp3,,,,,,,,,,,,,,,,,,,,
./audio/95 ቅድስት ቅድስት.mp3,araray,https://eathebook.org/zema_bet/መስተብቊዕና ሰዓታት/ኪዳንና ሰዓታት/ሰዓታት/95 ቅድስት ቅድስት.mp3,,,,,,,,,,,,,,,,,,,,
./audio/96 በአማን ቅድስት_1.mp3,araray,https://eathebook.org/zema_bet/መስተብቊዕና ሰዓታት/ኪዳንና ሰዓታት/ሰዓታት/96 በአማን ቅድስት.mp3,,,,,,,,,,,,,,,,,,,,
./audio/96 በአማን ቅድስት_2.mp3,araray,https://eathebook.org/zema_bet/መስተብቊዕና ሰዓታት/ኪዳንና ሰዓታት/ሰዓታት/96 በአማን ቅድስት.mp3,,,,,,,,,,,,,,,,,,,,
./audio/96 በአማን ቅድስት_3.mp3,araray,https://eathebook.org/zema_bet/መስተብቊዕና ሰዓታት/ኪዳንና ሰዓታት/ሰዓታት/96 በአማን ቅድስት.mp3,,,,,,,,,,,,,,,,,,,,
./audio/96 በአማን ቅድስት_4.mp3,araray,https://eathebook.org/zema_bet/መስተብቊዕና ሰዓታት/ኪዳንና ሰዓታት/ሰዓታት/96 በአማን ቅድስት.mp3,,,,,,,,,,,,,,,,,,,,
./audio/96 በአማን ቅድስት_5.mp3,araray,https://eathebook.org/zema_bet/መስተብቊዕና ሰዓታት/ኪዳንና ሰዓታት/ሰዓታት/96 በአማን ቅድስት.mp3,,,,,,,,,,,,,,,,,,,,
./audio/96 በአማን ቅድስት_6.mp3,araray,https://eathebook.org/zema_bet/መስተብቊዕና ሰዓታት/ኪዳንና ሰዓታት/ሰዓታት/96 በአማን ቅድስት.mp3,,,,,,,,,,,,,,,,,,,,
./audio/97 ኲሎሙ ዘቊስቋም.mp3,araray,https://eathebook.org/zema_bet/መስተብቊዕና ሰዓታት/ኪዳንና ሰዓታት/ሰዓታት/97 ኲሎሙ ዘቊስቋም.mp3,,,,,,,,,,,,,,,,,,,,
./audio/98 ቅድስት_1.mp3,araray,https://eathebook.org/zema_bet/መስተብቊዕና ሰዓታት/ኪዳንና ሰዓታት/ሰዓታት/98 ቅድስት.mp3,,,,,,,,,,,,,,,,,,,,
./audio/98 ቅድስት_2.mp3,araray,https://eathebook.org/zema_bet/መስተብቊዕና ሰዓታት/ኪዳንና ሰዓታት/ሰዓታት/98 ቅድስት.mp3,,,,,,,,,,,,,,,,,,,,
./audio/98 ቅድስት_3.mp3,araray,https://eathebook.org/zema_bet/መስተብቊዕና ሰዓታት/ኪዳንና ሰዓታት/ሰዓታት/98 ቅድስት.mp3,,,,,,,,,,,,,,,,,,,,
./audio/98 ቅድስት_4.mp3,araray,https://eathebook.org/zema_bet/መስተብቊዕና ሰዓታት/ኪዳንና ሰዓታት/ሰዓታት/98 ቅድስት.mp3,,,,,,,,,,,,,,,,,,,,
./audio/98 ቅድስት_5.mp3,araray,https://eathebook.org/zema_bet/መስተብቊዕና ሰዓታት/ኪዳንና ሰዓታት/ሰዓታት/98 ቅድስት.mp3,,,,,,,,,,,,,,,,,,,,
./audio/98 ቅድስት_6.mp3,araray,https://eathebook.org/zema_bet/መስተብቊዕና ሰዓታት/ኪዳንና ሰዓታት/ሰዓታት/98 ቅድስት.mp3,,,,,,,,,,,,,,,,,,,,
./audio/98 ቅድስት_7.mp3,araray,https://eathebook.org/zema_bet/መስተብቊዕና ሰዓታት/ኪዳንና ሰዓታት/ሰዓታት/98 ቅድስት.mp3,,,,,,,,,,,,,,,,,,,,
./audio/98 ቅድስት_8.mp3,araray,https://eathebook.org/zema_bet/መስተብቊዕና ሰዓታት/ኪዳንና ሰዓታት/ሰዓታት/98 ቅድስት.mp3,,,,,,,,,,,,,,,,,,,,
./audio/99 በከመ ምሕረትከ_1.mp3,araray,https://eathebook.org/zema_bet/መስተብቊዕና ሰዓታት/ኪዳንና ሰዓታት/ሰዓታት/99 በከመ ምሕረትከ.mp3,,,,,,,,,,,,,,,,,,,,
./audio/99 በከመ ምሕረትከ_2.mp3,araray,https://eathebook.org/zema_bet/መስተብቊዕና ሰዓታት/ኪዳንና ሰዓታት/ሰዓታት/99 በከመ ምሕረትከ.mp3,,,,,,,,,,,,,,,,,,,,
./audio/100 ኲሎሙ ዘፍልሰታ_1.mp3,araray,https://eathebook.org/zema_bet/መስተብቊዕና ሰዓታት/ኪዳንና ሰዓታት/ሰዓታት/100 ኲሎሙ ዘፍልሰታ.mp3,,,,,,,,,,,,,,,,,,,,
./audio/100 ኲሎሙ ዘፍልሰታ_2.mp3,araray,https://eathebook.org/zema_bet/መስተብቊዕና ሰዓታት/ኪዳንና ሰዓታት/ሰዓታት/100 ኲሎሙ ዘፍልሰታ.mp3,,,,,,,,,,,,,,,,,,,,
./audio/101 ቅድስት ቅድስት.mp3,araray,https://eathebook.org/zema_bet/መስተብቊዕና ሰዓታት/ኪዳንና ሰዓታት/ሰዓታት/101 ቅድስት ቅድስት.mp3,,,,,,,,,,,,,,,,,,,,
./audio/102 ቅድስት ወብፅዕት_1.mp3,araray,https://eathebook.org/zema_bet/መስተብቊዕና ሰዓታት/ኪዳንና ሰዓታት/ሰዓታት/102 ቅድስት ወብፅዕት.mp3,,,,,,,,,,,,,,,,,,,,
./audio/102 ቅድስት ወብፅዕት_2.mp3,araray,https://eathebook.org/zema_bet/መስተብቊዕና ሰዓታት/ኪዳንና ሰዓታት/ሰዓታት/102 ቅድስት ወብፅዕት.mp3,,,,,,,,,,,,,,,,,,,,
./audio/102 ቅድስት ወብፅዕት_3.mp3,araray,https://eathebook.org/zema_bet/መስተብቊዕና ሰዓታት/ኪዳንና ሰዓታት/ሰዓታት/102 ቅድስት ወብፅዕት.mp3,,,,,,,,,,,,,,,,,,,,
./audio/102 ቅድስት ወብፅዕት_4.mp3,araray,https://eathebook.org/zema_bet/መስተብቊዕና ሰዓታት/ኪዳንና ሰዓታት/ሰዓታት/102 ቅድስት ወብፅዕት.mp3,,,,,,,,,,,,,,,,,,,,
./audio/102 ቅድስት ወብፅዕት_5.mp3,araray,https://eathebook.org/zema_bet/መስተብቊዕና ሰዓታት/ኪዳንና ሰዓታት/ሰዓታት/102 ቅድስት ወብፅዕት.mp3,,,,,,,,,,,,,,,,,,,,
./audio/103 ኲሎሙ ዘመላእክት.mp3,araray,https://eathebook.org/zema_bet/መስተብቊዕና ሰዓታት/ኪዳንና ሰዓታት/ሰዓታት/103 ኲሎሙ ዘመላእክት.mp3,,,,,,,,,,,,,,,,,,,,
./audio/104 ቅዱስ.mp3,araray,https://eathebook.org/zema_bet/መስተብቊዕና ሰዓታት/ኪዳንና ሰዓታት/ሰዓታት/104 ቅዱስ.mp3,,,,,,,,,,,,,,,,,,,,
./audio/105 ወኊልቆሙ_1.mp3,araray,https://eathebook.org/zema_bet/መስተብቊዕና ሰዓታት/ኪዳንና ሰዓታት/ሰዓታት/105 ወኊልቆሙ.mp3,,,,,,,,,,,,,,,,,,,,
./audio/105 ወኊልቆሙ_2.mp3,araray,https://eathebook.org/zema_bet/መስተብቊዕና ሰዓታት/ኪዳንና ሰዓታት/ሰዓታት/105 ወኊልቆሙ.mp3,,,,,,,,,,,,,,,,,,,,
./audio/105 ወኊልቆሙ_3.mp3,araray,https://eathebook.org/zema_bet/መስተብቊዕና ሰዓታት/ኪዳንና ሰዓታት/ሰዓታት/105 ወኊልቆሙ.mp3,,,,,,,,,,,,,,,,,,,,
./audio/105 ወኊልቆሙ_4.mp3,araray,https://eathebook.org/zema_bet/መስተብቊዕና ሰዓታት/ኪዳንና ሰዓታት/ሰዓታት/105 ወኊልቆሙ.mp3,,,,,,,,,,,,,,,,,,,,
./audio/106 ኲሎሙ ዘበዓለ እግዚአብሔር_1.mp3,araray,https://eathebook.org/zema_bet/መስተብቊዕና ሰዓታት/ኪዳንና ሰዓታት/ሰዓታት/106 ኲሎሙ ዘበዓለ እግዚአብሔር.mp3,,,,,,,,,,,,,,,,,,,,
./audio/106 ኲሎሙ ዘበዓለ እግዚአብሔር_2.mp3,araray,https://eathebook.org/zema_bet/መስተብቊዕና ሰዓታት/ኪዳንና ሰዓታት/ሰዓታት/106 ኲሎሙ ዘበዓለ እግዚአብሔር.mp3,,,,,,,,,,,,,,,,,,,,
./audio/106 ኲሎሙ ዘበዓለ እግዚአብሔር_3.mp3,araray,https://eathebook.org/zema_bet/መስተብቊዕና ሰዓታት/ኪዳንና ሰዓታት/ሰዓታት/106 ኲሎሙ ዘበዓለ እግዚአብሔር.mp3,,,,,,,,,,,,,,,,,,,,
./audio/106 ኲሎሙ ዘበዓለ እግዚአብሔር_4.mp3,araray,https://eathebook.org/zema_bet/መስተብቊዕና ሰዓታት/ኪዳንና ሰዓታት/ሰዓታት/106 ኲሎሙ ዘበዓለ እግዚአብሔር.mp3,,,,,,,,,,,,,,,,,,,,
./audio/106 ኲሎሙ ዘበዓለ እግዚአብሔር_5.mp3,araray,https://eathebook.org/zema_bet/መስተብቊዕና ሰዓታት/ኪዳንና ሰዓታት/ሰዓታት/106 ኲሎሙ ዘበዓለ እግዚአብሔር.mp3,,,,,,,,,,,,,,,,,,,,
./audio/107 ርኢኩ ይብል.mp3,araray,https://eathebook.org/zema_bet/መስተብቊዕና ሰዓታት/ኪዳንና ሰዓታት/ሰዓታት/107 ርኢኩ ይብል.mp3,,,,,,,,,,,,,,,,,,,,
./audio/108 ሞገስነ ወክብርነ_1.mp3,geez,https://eathebook.org/zema_bet/መስተብቊዕና ሰዓታት/ኪዳንና ሰዓታት/ሰዓታት/./audio/108 ሞገስነ ወክብርነ.mp3,,,,,,,,,,,,,,,,,,,,
./audio/108 ሞገስነ ወክብርነ_2.mp3,geez,https://eathebook.org/zema_bet/መስተብቊዕና ሰዓታት/ኪዳንና ሰዓታት/ሰዓታት/./audio/108 ሞገስነ ወክብርነ.mp3,,,,,,,,,,,,,,,,,,,,
./audio/108 ሞገስነ ወክብርነ_3.mp3,geez,https://eathebook.org/zema_bet/መስተብቊዕና ሰዓታት/ኪዳንና ሰዓታት/ሰዓታት/./audio/108 ሞገስነ ወክብርነ.mp3,,,,,,,,,,,,,,,,,,,,
./audio/109 ሚካኤል ሊቀ መላእክት_1.mp3,araray,https://eathebook.org/zema_bet/መስተብቊዕና ሰዓታት/ኪዳንና ሰዓታት/ሰዓታት/109 ሚካኤል ሊቀ መላእክት.mp3,,,,,,,,,,,,,,,,,,,,
./audio/109 ሚካኤል ሊቀ መላእክት_2.mp3,araray,https://eathebook.org/zema_bet/መስተብቊዕና ሰዓታት/ኪዳንና ሰዓታት/ሰዓታት/109 ሚካኤል ሊቀ መላእክት.mp3,,,,,,,,,,,,,,,,,,,,
./audio/110 መልክአ ፍልሰታ 1.mp3,araray,https://eathebook.org/zema_bet/መስተብቊዕና ሰዓታት/ኪዳንና ሰዓታት/ሰዓታት/110 መልክአ ፍልሰታ.mp3,,,,,,,,,,,,,,,,,,,,
./audio/110 መልክአ ፍልሰታ 2.mp3,araray,https://eathebook.org/zema_bet/መስተብቊዕና ሰዓታት/ኪዳንና ሰዓታት/ሰዓታት/110 መልክአ ፍልሰታ.mp3,,,,,,,,,,,,,,,,,,,,
./audio/110 መልክአ ፍልሰታ 3.mp3,araray,https://eathebook.org/zema_bet/መስተብቊዕና ሰዓታት/ኪዳንና ሰዓታት/ሰዓታት/110 መልክአ ፍልሰታ.mp3,,,,,,,,,,,,,,,,,,,,
./audio/110 መልክአ ፍልሰታ 4.mp3,araray,https://eathebook.org/zema_bet/መስተብቊዕና ሰዓታት/ኪዳንና ሰዓታት/ሰዓታት/110 መልክአ ፍልሰታ.mp3,,,,,,,,,,,,,,,,,,,,
./audio/110 መልክአ ፍልሰታ 5.mp3,araray,https://eathebook.org/zema_bet/መስተብቊዕና ሰዓታት/ኪዳንና ሰዓታት/ሰዓታት/110 መልክአ ፍልሰታ.mp3,,,,,,,,,,,,,,,,,,,,
./audio/110 መልክአ ፍልሰታ 6.mp3,araray,https://eathebook.org/zema_bet/መስተብቊዕና ሰዓታት/ኪዳንና ሰዓታት/ሰዓታት/110 መልክአ ፍልሰታ.mp3,,,,,,,,,,,,,,,,,,,,
./audio/110 መልክአ ፍልሰታ 7.mp3,araray,https://eathebook.org/zema_bet/መስተብቊዕና ሰዓታት/ኪዳንና ሰዓታት/ሰዓታት/110 መልክአ ፍልሰታ.mp3,,,,,,,,,,,,,,,,,,,,
./audio/110 መልክአ ፍልሰታ 8.mp3,araray,https://eathebook.org/zema_bet/መስተብቊዕና ሰዓታት/ኪዳንና ሰዓታት/ሰዓታት/110 መልክአ ፍልሰታ.mp3,,,,,,,,,,,,,,,,,,,,
./audio/110 መልክአ ፍልሰታ 9.mp3,araray,https://eathebook.org/zema_bet/መስተብቊዕና ሰዓታት/ኪዳንና ሰዓታት/ሰዓታት/110 መልክአ ፍልሰታ.mp3,,,,,,,,,,,,,,,,,,,,
./audio/110 መልክአ ፍልሰታ 10.mp3,araray,https://eathebook.org/zema_bet/መስተብቊዕና ሰዓታት/ኪዳንና ሰዓታት/ሰዓታት/110 መልክአ ፍልሰታ.mp3,,,,,,,,,,,,,,,,,,,,
./audio/110 ኀበ ተርኅወ ገነት.mp3,ezil,https://eathebook.org/zema_bet/መስተብቊዕና ሰዓታት/ኪዳንና ሰዓታት/ሰዓታት/110 መልክአ ፍልሰታ.mp3,,,,,,,,,,,,,,,,,,,,
./audio/111 በእንተ ማርያም.mp3,ezil,https://eathebook.org/zema_bet/መስተብቊዕና ሰዓታት/ኪዳንና ሰዓታት/ሰዓታት/111 በእንተ ማርያም.mp3,,,,,,,,,,,,,,,,,,,,
./audio/112 በሌሊት አንሥኡ 1.mp3,ezil,https://eathebook.org/zema_bet/መስተብቊዕና ሰዓታት/ኪዳንና ሰዓታት/ሰዓታት/112 በሌሊት አንሥኡ.mp3,,,,,,,,,,,,,,,,,,,,
./audio/112 በሌሊት አንሥኡ 2.mp3,ezil,https://eathebook.org/zema_bet/መስተብቊዕና ሰዓታት/ኪዳንና ሰዓታት/ሰዓታት/112 በሌሊት አንሥኡ.mp3,,,,,,,,,,,,,,,,,,,,
./audio/112 በሌሊት አንሥኡ 3.mp3,ezil,https://eathebook.org/zema_bet/መስተብቊዕና ሰዓታት/ኪዳንና ሰዓታት/ሰዓታት/112 በሌሊት አንሥኡ.mp3,,,,,,,,,,,,,,,,,,,,
./audio/112 በሌሊት አንሥኡ 4.mp3,ezil,https://eathebook.org/zema_bet/መስተብቊዕና ሰዓታት/ኪዳንና ሰዓታት/ሰዓታት/112 በሌሊት አንሥኡ.mp3,,,,,,,,,,,,,,,,,,,,
./audio/112 በሌሊት አንሥኡ 5.mp3,ezil,https://eathebook.org/zema_bet/መስተብቊዕና ሰዓታት/ኪዳንና ሰዓታት/ሰዓታት/112 በሌሊት አንሥኡ.mp3,,,,,,,,,,,,,,,,,,,,
./audio/113 ሰአሊ ለነ ማርያም 1.mp3,ezil,https://eathebook.org/zema_bet/መስተብቊዕና ሰዓታት/ኪዳንና ሰዓታት/ሰዓታት/13 ሰአሊ ለነ ማርያም 1.mp3,,,,,,,,,,,,,,,,,,,,
./audio/113 ሰአሊ ለነ ማርያም 2.mp3,ezil,https://eathebook.org/zema_bet/መስተብቊዕና ሰዓታት/ኪዳንና ሰዓታት/ሰዓታት/13 ሰአሊ ለነ ማርያም 1.mp3,,,,,,,,,,,,,,,,,,,,
./audio/113 ሰአሊ ለነ ማርያም 3.mp3,ezil,https://eathebook.org/zema_bet/መስተብቊዕና ሰዓታት/ኪዳንና ሰዓታት/ሰዓታት/13 ሰአሊ ለነ ማርያም 1.mp3,,,,,,,,,,,,,,,,,,,,
./audio/115 ሃሌ ሉያ.mp3,ezil,https://eathebook.org/zema_bet/መስተብቊዕና ሰዓታት/ኪዳንና ሰዓታት/ሰዓታት/115 ሃሌ ሉያ.mp3,,,,,,,,,,,,,,,,,,,,
./audio/116 ወትቤ ማርያም.mp3,ezil,https://eathebook.org/zema_bet/መስተብቊዕና ሰዓታት/ኪዳንና ሰዓታት/ሰዓታት/116 ወትቤ ማርያም.mp3,,,,,,,,,,,,,,,,,,,,
./audio/117 ተንሥኡ 1 ምስለ መንፈስከ.mp3,ezil,https://eathebook.org/zema_bet/መስተብቊዕና ሰዓታት/ኪዳንና ሰዓታት/ሰዓታት/117 ተንሥኡ.mp3,,,,,,,,,,,,,,,,,,,,
./audio/117 ተንሥኡ 2 እግዚአብሔር.mp3,ezil,https://eathebook.org/zema_bet/መስተብቊዕና ሰዓታት/ኪዳንና ሰዓታት/ሰዓታት/117 ተንሥኡ.mp3,,,,,,,,,,,,,,,,,,,,
./audio/117 ተንሥኡ 3 ይእዜኒ እግዚኦ.mp3,ezil,https://eathebook.org/zema_bet/መስተብቊዕና ሰዓታት/ኪዳንና ሰዓታት/ሰዓታት/117 ተንሥኡ.mp3,,,,,,,,,,,,,,,,,,,,
./audio/118 ጸልዩ.mp3,ezil,https://eathebook.org/zema_bet/መስተብቊዕና ሰዓታት/ኪዳንና ሰዓታት/ሰዓታት/118 ጸልዩ.mp3,,,,,,,,,,,,,,,,,,,,
./audio/119 ተዘከር ካዕበ_1.mp3,ezil,https://eathebook.org/zema_bet/መስተብቊዕና ሰዓታት/ኪዳንና ሰዓታት/ሰዓታት/119 ተዘከር ካዕበ.mp3,,,,,,,,,,,,,,,,,,,,
./audio/119 ተዘከር ካዕበ_2.mp3,ezil,https://eathebook.org/zema_bet/መስተብቊዕና ሰዓታት/ኪዳንና ሰዓታት/ሰዓታት/119 ተዘከር ካዕበ.mp3,,,,,,,,,,,,,,,,,,,,
./audio/120 ይዌድስዋ.mp3,ezil,https://eathebook.org/zema_bet/መስተብቊዕና ሰዓታት/ኪዳንና ሰዓታት/ሰዓታት/120 ይዌድስዋ.mp3,,,,,,,,,,,,,,,,,,,,
./audio/121 ወበሳድስ ወርኅ 1.mp3,ezil,https://eathebook.org/zema_bet/መስተብቊዕና ሰዓታት/ኪዳንና ሰዓታት/ሰዓታት/121 ወበሳድስ ወርኅ.mp3,,,,,,,,,,,,,,,,,,,,
./audio/121 ወበሳድስ ወርኅ 2 ወይነግሥ.mp3,ezil,https://eathebook.org/zema_bet/መስተብቊዕና ሰዓታት/ኪዳንና ሰዓታት/ሰዓታት/121 ወበሳድስ ወርኅ.mp3,,,,,,,,,,,,,,,,,,,,
./audio/122 ይቤላ 1.mp3,ezil,https://eathebook.org/zema_bet/መስተብቊዕና ሰዓታት/ኪዳንና ሰዓታት/ሰዓታት/122 ይቤላ.mp3,,,,,,,,,,,,,,,,,,,,
./audio/122 ይቤላ 2 ክነፈ ርግብ.mp3,ezil,https://eathebook.org/zema_bet/መስተብቊዕና ሰዓታት/ኪዳንና ሰዓታት/ሰዓታት/122 ይቤላ.mp3,,,,,,,,,,,,,,,,,,,,
./audio/123 ሃሌ ሉያ.mp3,ezil,https://eathebook.org/zema_bet/መስተብቊዕና ሰዓታት/ኪዳንና ሰዓታት/ሰዓታት/123 ሃሌ ሉያ.mp3,,,,,,,,,,,,,,,,,,,,
124 ወንጌል ቅዱስ.mp3,ezil,https://eathebook.org/zema_bet/መስተብቊዕና ሰዓታት/ኪዳንና ሰዓታት/ሰዓታት/124 ወንጌል ቅዱስ.mp3,,,,,,,,,,,,,,,,,,,,
./audio/126 ለኖህ ሐመሩ 1.mp3,ezil,https://eathebook.org/zema_bet/መስተብቊዕና ሰዓታት/ኪዳንና ሰዓታት/ሰዓታት/126 ለኖህ ሐመሩ.mp3,,,,,,,,,,,,,,,,,,,,
./audio/126 ለኖህ ሐመሩ 2.mp3,ezil,https://eathebook.org/zema_bet/መስተብቊዕና ሰዓታት/ኪዳንና ሰዓታት/ሰዓታት/126 ለኖህ ሐመሩ.mp3,,,,,,,,,,,,,,,,,,,,
./audio/126 ለኖህ ሐመሩ 3.mp3,ezil,https://eathebook.org/zema_bet/መስተብቊዕና ሰዓታት/ኪዳንና ሰዓታት/ሰዓታት/126 ለኖህ ሐመሩ.mp3,,,,,,,,,,,,,,,,,,,,
./audio/126 ለኖህ ሐመሩ 4.mp3,ezil,https://eathebook.org/zema_bet/መስተብቊዕና ሰዓታት/ኪዳንና ሰዓታት/ሰዓታት/126 ለኖህ ሐመሩ.mp3,,,,,,,,,,,,,,,,,,,,
./audio/127 ዘዚአኪ ልበ 1.mp3,ezil,https://eathebook.org/zema_bet/መስተብቊዕና ሰዓታት/ኪዳንና ሰዓታት/ሰዓታት/127 ዘዚአኪ ልብሰ.mp3,,,,,,,,,,,,,,,,,,,,
./audio/127 ዘዚአኪ ልበ 2.mp3,ezil,https://eathebook.org/zema_bet/መስተብቊዕና ሰዓታት/ኪዳንና ሰዓታት/ሰዓታት/127 ዘዚአኪ ልብሰ.mp3,,,,,,,,,,,,,,,,,,,,
./audio/127 ዘዚአኪ ልበ 3.mp3,ezil,https://eathebook.org/zema_bet/መስተብቊዕና ሰዓታት/ኪዳንና ሰዓታት/ሰዓታት/127 ዘዚአኪ ልብሰ.mp3,,,,,,,,,,,,,,,,,,,,
./audio/127 ዘዚአኪ ልበ 4.mp3,ezil,https://eathebook.org/zema_bet/መስተብቊዕና ሰዓታት/ኪዳንና ሰዓታት/ሰዓታት/127 ዘዚአኪ ልብሰ.mp3,,,,,,,,,,,,,,,,,,,,
./audio/127 ዘዚአኪ ልበ 5.mp3,ezil,https://eathebook.org/zema_bet/መስተብቊዕና ሰዓታት/ኪዳንና ሰዓታት/ሰዓታት/127 ዘዚአኪ ልብሰ.mp3,,,,,,,,,,,,,,,,,,,,
./audio/127 ዘዚአኪ ልበ 6.mp3,ezil,https://eathebook.org/zema_bet/መስተብቊዕና ሰዓታት/ኪዳንና ሰዓታት/ሰዓታት/127 ዘዚአኪ ልብሰ.mp3,,,,,,,,,,,,,,,,,,,,
./audio/127 ዘዚአኪ ልበ 7.mp3,ezil,https://eathebook.org/zema_bet/መስተብቊዕና ሰዓታት/ኪዳንና ሰዓታት/ሰዓታት/127 ዘዚአኪ ልብሰ.mp3,,,,,,,,,,,,,,,,,,,,
./audio/128 ተሞጢሐኪ ድርብ_1.mp3,ezil,https://eathebook.org/zema_bet/መስተብቊዕና ሰዓታት/ኪዳንና ሰዓታት/ሰዓታት/128 ተሞጢሐኪ.mp3,,,,,,,,,,,,,,,,,,,,
./audio/128 ተሞጢሐኪ ድርብ_2.mp3,ezil,https://eathebook.org/zema_bet/መስተብቊዕና ሰዓታት/ኪዳንና ሰዓታት/ሰዓታት/128 ተሞጢሐኪ.mp3,,,,,,,,,,,,,,,,,,,,
./audio/128 ተሞጢሐኪ ድርብ_3.mp3,ezil,https://eathebook.org/zema_bet/መስተብቊዕና ሰዓታት/ኪዳንና ሰዓታት/ሰዓታት/128 ተሞጢሐኪ.mp3,,,,,,,,,,,,,,,,,,,,
./audio/128 ተሞጢሐኪ ድርብ_4.mp3,ezil,https://eathebook.org/zema_bet/መስተብቊዕና ሰዓታት/ኪዳንና ሰዓታት/ሰዓታት/128 ተሞጢሐኪ.mp3,,,,,,,,,,,,,,,,,,,,
./audio/129 ዘዚአኪ ልበ ድርብ_1.mp3,ezil,https://eathebook.org/zema_bet/መስተብቊዕና ሰዓታት/ኪዳንና ሰዓታት/ሰዓታት/129 ዘዚአኪ ልብሰ.mp3,,,,,,,,,,,,,,,,,,,,
./audio/129 ዘዚአኪ ልበ ድርብ_2.mp3,ezil,https://eathebook.org/zema_bet/መስተብቊዕና ሰዓታት/ኪዳንና ሰዓታት/ሰዓታት/129 ዘዚአኪ ልብሰ.mp3,,,,,,,,,,,,,,,,,,,,
./audio/129 ዘዚአኪ ልበ ድርብ_3.mp3,ezil,https://eathebook.org/zema_bet/መስተብቊዕና ሰዓታት/ኪዳንና ሰዓታት/ሰዓታት/129 ዘዚአኪ ልብሰ.mp3,,,,,,,,,,,,,,,,,,,,
./audio/129 ዘዚአኪ ልበ ድርብ_4.mp3,ezil,https://eathebook.org/zema_bet/መስተብቊዕና ሰዓታት/ኪዳንና ሰዓታት/ሰዓታት/129 ዘዚአኪ ልብሰ.mp3,,,,,,,,,,,,,,,,,,,,
./audio/129 ዘዚአኪ ልበ ድርብ_5.mp3,ezil,https://eathebook.org/zema_bet/መስተብቊዕና ሰዓታት/ኪዳንና ሰዓታት/ሰዓታት/129 ዘዚአኪ ልብሰ.mp3,,,,,,,,,,,,,,,,,,,,
./audio/129 ዘዚአኪ ልበ ድርብ_6.mp3,ezil,https://eathebook.org/zema_bet/መስተብቊዕና ሰዓታት/ኪዳንና ሰዓታት/ሰዓታት/129 ዘዚአኪ ልብሰ.mp3,,,,,,,,,,,,,,,,,,,,
./audio/129 ዘዚአኪ ልበ ድርብ_7.mp3,ezil,https://eathebook.org/zema_bet/መስተብቊዕና ሰዓታት/ኪዳንና ሰዓታት/ሰዓታት/129 ዘዚአኪ ልብሰ.mp3,,,,,,,,,,,,,,,,,,,,
./audio/129 ዘዚአኪ ልበ ድርብ_8.mp3,ezil,https://eathebook.org/zema_bet/መስተብቊዕና ሰዓታት/ኪዳንና ሰዓታት/ሰዓታት/129 ዘዚአኪ ልብሰ.mp3,,,,,,,,,,,,,,,,,,,,
./audio/129 ዘዚአኪ ልበ ድርብ_9.mp3,ezil,https://eathebook.org/zema_bet/መስተብቊዕና ሰዓታት/ኪዳንና ሰዓታት/ሰዓታት/129 ዘዚአኪ ልብሰ.mp3,,,,,,,,,,,,,,,,,,,,
./audio/129 ዘዚአኪ ልበ ድርብ_10.mp3,ezil,https://eathebook.org/zema_bet/መስተብቊዕና ሰዓታት/ኪዳንና ሰዓታት/ሰዓታት/129 ዘዚአኪ ልብሰ.mp3,,,,,,,,,,,,,,,,,,,,
./audio/130 ኦ ርኅርኅተ ሕሊና.mp3,ezil,https://eathebook.org/zema_bet/መስተብቊዕና ሰዓታት/ኪዳንና ሰዓታት/ሰዓታት/130 ኦ ርኅርኅተ ሕሊና.mp3,,,,,,,,,,,,,,,,,,,,
./audio/131 ኦ ርኅርኅተ ሕሊና.mp3,ezil,https://eathebook.org/zema_bet/መስተብቊዕና ሰዓታት/ኪዳንና ሰዓታት/ሰዓታት/131 ኦ ርኅርኅተ ሕሊና.mp3,,,,,,,,,,,,,,,,,,,,
./audio/132 ቅድመ ስዕልኪ.mp3,ezil,https://eathebook.org/zema_bet/መስተብቊዕና ሰዓታት/ኪዳንና ሰዓታት/ሰዓታት/132 ቅድመ ስዕልኪ.mp3,,,,,,,,,,,,,,,,,,,,
./audio/133 ሰላም ለስዕልኪ 1.mp3,ezil,https://eathebook.org/zema_bet/መስተብቊዕና ሰዓታት/ኪዳንና ሰዓታት/ሰዓታት/133 ሰላም ለስዕልኪ.mp3,,,,,,,,,,,,,,,,,,,,
./audio/133 ሰላም ለስዕልኪ 2.mp3,ezil,https://eathebook.org/zema_bet/መስተብቊዕና ሰዓታት/ኪዳንና ሰዓታት/ሰዓታት/133 ሰላም ለስዕልኪ.mp3,,,,,,,,,,,,,,,,,,,,
./audio/133 ሰላም ለስዕልኪ 3.mp3,ezil,https://eathebook.org/zema_bet/መስተብቊዕና ሰዓታት/ኪዳንና ሰዓታት/ሰዓታት/133 ሰላም ለስዕልኪ.mp3,,,,,,,,,,,,,,,,,,,,
./audio/133 ሰላም ለስዕልኪ 4.mp3,ezil,https://eathebook.org/zema_bet/መስተብቊዕና ሰዓታት/ኪዳንና ሰዓታት/ሰዓታት/133 ሰላም ለስዕልኪ.mp3,,,,,,,,,,,,,,,,,,,,
./audio/133 ሰላም ለስዕልኪ 5.mp3,ezil,https://eathebook.org/zema_bet/መስተብቊዕና ሰዓታት/ኪዳንና ሰዓታት/ሰዓታት/133 ሰላም ለስዕልኪ.mp3,,,,,,,,,,,,,,,,,,,,
./audio/133 ሰላም ለስዕልኪ 6.mp3,ezil,https://eathebook.org/zema_bet/መስተብቊዕና ሰዓታት/ኪዳንና ሰዓታት/ሰዓታት/133 ሰላም ለስዕልኪ.mp3,,,,,,,,,,,,,,,,,,,,
./audio/133 ሰላም ለስዕልኪ 7.mp3,ezil,https://eathebook.org/zema_bet/መስተብቊዕና ሰዓታት/ኪዳንና ሰዓታት/ሰዓታት/133 ሰላም ለስዕልኪ.mp3,,,,,,,,,,,,,,,,,,,,
./audio/133 ሰላም ለስዕልኪ 8.mp3,ezil,https://eathebook.org/zema_bet/መስተብቊዕና ሰዓታት/ኪዳንና ሰዓታት/ሰዓታት/133 ሰላም ለስዕልኪ.mp3,,,,,,,,,,,,,,,,,,,,
./audio/135 ተፈሥሒ ማርያም ዘእሑድ 1.mp3,ezil,https://eathebook.org/zema_bet/መስተብቊዕና ሰዓታት/ኪዳንና ሰዓታት/ሰዓታት/135 ተፈሥሒ ማርያም.mp3,,,,,,,,,,,,,,,,,,,,
./audio/135 ተፈሥሒ ማርያም ዘእሑድ 2.mp3,ezil,https://eathebook.org/zema_bet/መስተብቊዕና ሰዓታት/ኪዳንና ሰዓታት/ሰዓታት/135 ተፈሥሒ ማርያም.mp3,,,,,,,,,,,,,,,,,,,,
./audio/135 ተፈሥሒ ማርያም ዘእሑድ 3.mp3,ezil,https://eathebook.org/zema_bet/መስተብቊዕና ሰዓታት/ኪዳንና ሰዓታት/ሰዓታት/135 ተፈሥሒ ማርያም.mp3,,,,,,,,,,,,,,,,,,,,
./audio/135 ተፈሥሒ ማርያም ዘእሑድ 4.mp3,ezil,https://eathebook.org/zema_bet/መስተብቊዕና ሰዓታት/ኪዳንና ሰዓታት/ሰዓታት/135 ተፈሥሒ ማርያም.mp3,,,,,,,,,,,,,,,,,,,,
./audio/135 ተፈሥሒ ማርያም ዘእሑድ 5.mp3,ezil,https://eathebook.org/zema_bet/መስተብቊዕና ሰዓታት/ኪዳንና ሰዓታት/ሰዓታት/135 ተፈሥሒ ማርያም.mp3,,,,,,,,,,,,,,,,,,,,
./audio/135 ተፈሥሒ ማርያም ዘእሑድ 6.mp3,ezil,https://eathebook.org/zema_bet/መስተብቊዕና ሰዓታት/ኪዳንና ሰዓታት/ሰዓታት/135 ተፈሥሒ ማርያም.mp3,,,,,,,,,,,,,,,,,,,,
./audio/135 ተፈሥሒ ማርያም ዘእሑድ 7.mp3,ezil,https://eathebook.org/zema_bet/መስተብቊዕና ሰዓታት/ኪዳንና ሰዓታት/ሰዓታት/135 ተፈሥሒ ማርያም.mp3,,,,,,,,,,,,,,,,,,,,
./audio/135 ተፈሥሒ ማርያም ዘእሑድ 8.mp3,ezil,https://eathebook.org/zema_bet/መስተብቊዕና ሰዓታት/ኪዳንና ሰዓታት/ሰዓታት/135 ተፈሥሒ ማርያም.mp3,,,,,,,,,,,,,,,,,,,,
./audio/136 ተፈስሂ ማርያም ዘዘወትር 1.mp3,ezil,https://eathebook.org/zema_bet/መስተብቊዕና ሰዓታት/ኪዳንና ሰዓታት/ሰዓታት/136 ተፈስሂ ማርያም.mp3,,,,,,,,,,,,,,,,,,,,
./audio/136 ተፈስሂ ማርያም ዘዘወትር 2.mp3,ezil,https://eathebook.org/zema_bet/መስተብቊዕና ሰዓታት/ኪዳንና ሰዓታት/ሰዓታት/136 ተፈስሂ ማርያም.mp3,,,,,,,,,,,,,,,,,,,,
./audio/136 ተፈስሂ ማርያም ዘዘወትር 3.mp3,ezil,https://eathebook.org/zema_bet/መስተብቊዕና ሰዓታት/ኪዳንና ሰዓታት/ሰዓታት/136 ተፈስሂ ማርያም.mp3,,,,,,,,,,,,,,,,,,,,
./audio/136 ተፈስሂ ማርያም ዘዘወትር 4.mp3,ezil,https://eathebook.org/zema_bet/መስተብቊዕና ሰዓታት/ኪዳንና ሰዓታት/ሰዓታት/136 ተፈስሂ ማርያም.mp3,,,,,,,,,,,,,,,,,,,,
./audio/136 ተፈስሂ ማርያም ዘዘወትር 5.mp3,ezil,https://eathebook.org/zema_bet/መስተብቊዕና ሰዓታት/ኪዳንና ሰዓታት/ሰዓታት/136 ተፈስሂ ማርያም.mp3,,,,,,,,,,,,,,,,,,,,
./audio/138 ተአብዮ ነፍስየ.mp3,ezil,https://eathebook.org/zema_bet/መስተብቊዕና ሰዓታት/ኪዳንና ሰዓታት/ሰዓታት/139 ተአብዮ ነፍስየ.mp3,,,,,,,,,,,,,,,,,,,,
./audio/139 ስብሕተ ፍቁር ዘማርያም 1.mp3,geez,https://eathebook.org/zema_bet/መስተብቊዕና ሰዓታት/ኪዳንና ሰዓታት/ሰዓታት/139 ተአብዮ ነፍስየ.mp3,,,,,,,,,,,,,,,,,,,,
./audio/139 ስብሕተ ፍቁር ዘማርያም 2.mp3,geez,https://eathebook.org/zema_bet/መስተብቊዕና ሰዓታት/ኪዳንና ሰዓታት/ሰዓታት/139 ተአብዮ ነፍስየ.mp3,,,,,,,,,,,,,,,,,,,,
./audio/139 ስብሕተ ፍቁር ዘማርያም 3.mp3,geez,https://eathebook.org/zema_bet/መስተብቊዕና ሰዓታት/ኪዳንና ሰዓታት/ሰዓታት/139 ተአብዮ ነፍስየ.mp3,,,,,,,,,,,,,,,,,,,,
./audio/139 ስብሕተ ፍቁር ዘማርያም 4.mp3,geez,https://eathebook.org/zema_bet/መስተብቊዕና ሰዓታት/ኪዳንና ሰዓታት/ሰዓታት/139 ተአብዮ ነፍስየ.mp3,,,,,,,,,,,,,,,,,,,,
./audio/139 ስብሕተ ፍቁር ዘማርያም 5.mp3,geez,https://eathebook.org/zema_bet/መስተብቊዕና ሰዓታት/ኪዳንና ሰዓታት/ሰዓታት/139 ተአብዮ ነፍስየ.mp3,,,,,,,,,,,,,,,,,,,,
./audio/139 ስብሕተ ፍቁር ዘማርያም 6.mp3,geez,https://eathebook.org/zema_bet/መስተብቊዕና ሰዓታት/ኪዳንና ሰዓታት/ሰዓታት/139 ተአብዮ ነፍስየ.mp3,,,,,,,,,,,,,,,,,,,,
./audio/139 ስብሕተ ፍቁር ዘማርያም 7.mp3,geez,https://eathebook.org/zema_bet/መስተብቊዕና ሰዓታት/ኪዳንና ሰዓታት/ሰዓታት/139 ተአብዮ ነፍስየ.mp3,,,,,,,,,,,,,,,,,,,,
./audio/139 ስብሕተ ፍቁር ዘማርያም 8.mp3,geez,https://eathebook.org/zema_bet/መስተብቊዕና ሰዓታት/ኪዳንና ሰዓታት/ሰዓታት/139 ተአብዮ ነፍስየ.mp3,,,,,,,,,,,,,,,,,,,,
./audio/139 ስብሕተ ፍቁር ዘማርያም 9.mp3,geez,https://eathebook.org/zema_bet/መስተብቊዕና ሰዓታት/ኪዳንና ሰዓታት/ሰዓታት/139 ተአብዮ ነፍስየ.mp3,,,,,,,,,,,,,,,,,,,,
./audio/139 ስብሕተ ፍቁር ዘማርያም 10.mp3,geez,https://eathebook.org/zema_bet/መስተብቊዕና ሰዓታት/ኪዳንና ሰዓታት/ሰዓታት/139 ተአብዮ ነፍስየ.mp3,,,,,,,,,,,,,,,,,,,,
./audio/139 ስብሕተ ፍቁር ዘማርያም 11.mp3,geez,https://eathebook.org/zema_bet/መስተብቊዕና ሰዓታት/ኪዳንና ሰዓታት/ሰዓታት/139 ተአብዮ ነፍስየ.mp3,,,,,,,,,,,,,,,,,,,,
./audio/139 ስብሕተ ፍቁር ዘማርያም 12 ዕዝል.mp3,ezil,https://eathebook.org/zema_bet/መስተብቊዕና ሰዓታት/ኪዳንና ሰዓታት/ሰዓታት/139 ተአብዮ ነፍስየ.mp3,,,,,,,,,,,,,,,,,,,,
./audio/140 ሰአል ለነ ጊዮርጊስ 1.mp3,geez,https://eathebook.org/zema_bet/መስተብቊዕና ሰዓታት/ኪዳንና ሰዓታት/ሰዓታት/140 ሰአል ለነ ጊዮርጊስ.mp3,,,,,,,,,,,,,,,,,,,,
./audio/140 ሰአል ለነ ጊዮርጊስ 2.mp3,geez,https://eathebook.org/zema_bet/መስተብቊዕና ሰዓታት/ኪዳንና ሰዓታት/ሰዓታት/140 ሰአል ለነ ጊዮርጊስ.mp3,,,,,,,,,,,,,,,,,,,,
./audio/140 ሰአል ለነ ጊዮርጊስ 3.mp3,geez,https://eathebook.org/zema_bet/መስተብቊዕና ሰዓታት/ኪዳንና ሰዓታት/ሰዓታት/140 ሰአል ለነ ጊዮርጊስ.mp3,,,,,,,,,,,,,,,,,,,,
./audio/140 ሰአል ለነ ጊዮርጊስ 4.mp3,geez,https://eathebook.org/zema_bet/መስተብቊዕና ሰዓታት/ኪዳንና ሰዓታት/ሰዓታት/140 ሰአል ለነ ጊዮርጊስ.mp3,,,,,,,,,,,,,,,,,,,,
./audio/142 መሐረነ አብ 1.mp3,ezil,https://eathebook.org/zema_bet/መስተብቊዕና ሰዓታት/ኪዳንና ሰዓታት/ሰዓታት/142 መሐረነ አብ.mp3,,,,,,,,,,,,,,,,,,,,
./audio/142 መሐረነ አብ 2.mp3,ezil,https://eathebook.org/zema_bet/መስተብቊዕና ሰዓታት/ኪዳንና ሰዓታት/ሰዓታት/142 መሐረነ አብ.mp3,,,,,,,,,,,,,,,,,,,,
./audio/142 መሐረነ አብ 3.mp3,ezil,https://eathebook.org/zema_bet/መስተብቊዕና ሰዓታት/ኪዳንና ሰዓታት/ሰዓታት/142 መሐረነ አብ.mp3,,,,,,,,,,,,,,,,,,,,
./audio/142 መሐረነ አብ 4.mp3,ezil,https://eathebook.org/zema_bet/መስተብቊዕና ሰዓታት/ኪዳንና ሰዓታት/ሰዓታት/142 መሐረነ አብ.mp3,,,,,,,,,,,,,,,,,,,,
./audio/142 መሐረነ አብ 5.mp3,ezil,https://eathebook.org/zema_bet/መስተብቊዕና ሰዓታት/ኪዳንና ሰዓታት/ሰዓታት/142 መሐረነ አብ.mp3,,,,,,,,,,,,,,,,,,,,
./audio/142 መሐረነ አብ 6.mp3,ezil,https://eathebook.org/zema_bet/መስተብቊዕና ሰዓታት/ኪዳንና ሰዓታት/ሰዓታት/142 መሐረነ አብ.mp3,,,,,,,,,,,,,,,,,,,,
./audio/142 መሐረነ አብ 7.mp3,ezil,https://eathebook.org/zema_bet/መስተብቊዕና ሰዓታት/ኪዳንና ሰዓታት/ሰዓታት/142 መሐረነ አብ.mp3,,,,,,,,,,,,,,,,,,,,
./audio/142 መሐረነ አብ 8.mp3,ezil,https://eathebook.org/zema_bet/መስተብቊዕና ሰዓታት/ኪዳንና ሰዓታት/ሰዓታት/142 መሐረነ አብ.mp3,,,,,,,,,,,,,,,,,,,,
./audio/143 ሃሌ ሉያ ለአብ 1.mp3,ezil,https://eathebook.org/zema_bet/መስተብቊዕና ሰዓታት/ኪዳንና ሰዓታት/ሰዓታት/143 ሃሌ ሉያ ለአብ.mp3,,,,,,,,,,,,,,,,,,,,
./audio/143 ሃሌ ሉያ ለአብ 2.mp3,ezil,https://eathebook.org/zema_bet/መስተብቊዕና ሰዓታት/ኪዳንና ሰዓታት/ሰዓታት/143 ሃሌ ሉያ ለአብ.mp3,,,,,,,,,,,,,,,,,,,,
./audio/144 ንስግድ 1.mp3,ezil,https://eathebook.org/zema_bet/መስተብቊዕና ሰዓታት/ኪዳንና ሰዓታት/ሰዓታት/144 ንስግድ.mp3,,,,,,,,,,,,,,,,,,,,
./audio/144 ንስግድ 2.mp3,ezil,https://eathebook.org/zema_bet/መስተብቊዕና ሰዓታት/ኪዳንና ሰዓታት/ሰዓታት/144 ንስግድ.mp3,,,,,,,,,,,,,,,,,,,,
./audio/145 በረከታቲሃ ለዛቲ_1.mp3,ezil,https://eathebook.org/zema_bet/መስተብቊዕና ሰዓታት/ኪዳንና ሰዓታት/ሰዓታት/145 በረከታቲሃ ለዛቲ.mp3,,,,,,,,,,,,,,,,,,,,
./audio/145 በረከታቲሃ ለዛቲ_2.mp3,ezil,https://eathebook.org/zema_bet/መስተብቊዕና ሰዓታት/ኪዳንና ሰዓታት/ሰዓታት/145 በረከታቲሃ ለዛቲ.mp3,,,,,,,,,,,,,,,,,,,,
./audio/145 በረከታቲሃ ለዛቲ_3.mp3,ezil,https://eathebook.org/zema_bet/መስተብቊዕና ሰዓታት/ኪዳንና ሰዓታት/ሰዓታት/145 በረከታቲሃ ለዛቲ.mp3,,,,,,,,,,,,,,,,,,,,
./audio/150 ኢየሱስ ክርስቶስ 1.mp3,ezil,https://eathebook.org/zema_bet/መስተብቊዕና ሰዓታት/ኪዳንና ሰዓታት/ሰዓታት/150 ኢየሱስ ክርስቶስ.mp3,,,,,,,,,,,,,,,,,,,,
./audio/150 ኢየሱስ ክርስቶስ 2.mp3,ezil,https://eathebook.org/zema_bet/መስተብቊዕና ሰዓታት/ኪዳንና ሰዓታት/ሰዓታት/150 ኢየሱስ ክርስቶስ.mp3,,,,,,,,,,,,,,,,,,,,
./audio/151 እሴብህ ጸጋኪ ዘዘወትር.mp3,ezil,https://eathebook.org/zema_bet/መስተብቊዕና ሰዓታት/ኪዳንና ሰዓታት/ሰዓታት/151 እሴብህ ጸጋኪ.mp3,,,,,,,,,,,,,,,,,,,,
./audio/152 እሴብሕ ጸጋኪ 1.mp3,ezil,https://eathebook.org/zema_bet/መስተብቊዕና ሰዓታት/ኪዳንና ሰዓታት/ሰዓታት/152 እሴብህ ጸጋኪ.mp3,,,,,,,,,,,,,,,,,,,,
./audio/152 እሴብሕ ጸጋኪ 2.mp3,ezil,https://eathebook.org/zema_bet/መስተብቊዕና ሰዓታት/ኪዳንና ሰዓታት/ሰዓታት/152 እሴብህ ጸጋኪ.mp3,,,,,,,,,,,,,,,,,,,,
./audio/152 እሴብሕ ጸጋኪ 3.mp3,ezil,https://eathebook.org/zema_bet/መስተብቊዕና ሰዓታት/ኪዳንና ሰዓታት/ሰዓታት/152 እሴብህ ጸጋኪ.mp3,,,,,,,,,,,,,,,,,,,,
./audio/152 እሴብሕ ጸጋኪ 4.mp3,ezil,https://eathebook.org/zema_bet/መስተብቊዕና ሰዓታት/ኪዳንና ሰዓታት/ሰዓታት/152 እሴብህ ጸጋኪ.mp3,,,,,,,,,,,,,,,,,,,,
./audio/152 እሴብሕ ጸጋኪ 5.mp3,ezil,https://eathebook.org/zema_bet/መስተብቊዕና ሰዓታት/ኪዳንና ሰዓታት/ሰዓታት/152 እሴብህ ጸጋኪ.mp3,,,,,,,,,,,,,,,,,,,,
./audio/152 እሴብሕ ጸጋኪ 6.mp3,ezil,https://eathebook.org/zema_bet/መስተብቊዕና ሰዓታት/ኪዳንና ሰዓታት/ሰዓታት/152 እሴብህ ጸጋኪ.mp3,,,,,,,,,,,,,,,,,,,,
./audio/152 እሴብሕ ጸጋኪ 7.mp3,ezil,https://eathebook.org/zema_bet/መስተብቊዕና ሰዓታት/ኪዳንና ሰዓታት/ሰዓታት/152 እሴብህ ጸጋኪ.mp3,,,,,,,,,,,,,,,,,,,,
./audio/153  እሴብሕ ጸጋኪ ዘቊስቋም 1.mp3,ezil,https://eathebook.org/zema_bet/መስተብቊዕና ሰዓታት/ኪዳንና ሰዓታት/ሰዓታት/153 እሴብህ ጸጋኪ.mp3,,,,,,,,,,,,,,,,,,,,
./audio/153  እሴብሕ ጸጋኪ ዘቊስቋም 2.mp3,ezil,https://eathebook.org/zema_bet/መስተብቊዕና ሰዓታት/ኪዳንና ሰዓታት/ሰዓታት/153 እሴብህ ጸጋኪ.mp3,,,,,,,,,,,,,,,,,,,,
./audio/153  እሴብሕ ጸጋኪ ዘቊስቋም 3.mp3,ezil,https://eathebook.org/zema_bet/መስተብቊዕና ሰዓታት/ኪዳንና ሰዓታት/ሰዓታት/153 እሴብህ ጸጋኪ.mp3,,,,,,,,,,,,,,,,,,,,
./audio/153  እሴብሕ ጸጋኪ ዘቊስቋም 4.mp3,ezil,https://eathebook.org/zema_bet/መስተብቊዕና ሰዓታት/ኪዳንና ሰዓታት/ሰዓታት/153 እሴብህ ጸጋኪ.mp3,,,,,,,,,,,,,,,,,,,,
./audio/153  እሴብሕ ጸጋኪ ዘቊስቋም 5.mp3,ezil,https://eathebook.org/zema_bet/መስተብቊዕና ሰዓታት/ኪዳንና ሰዓታት/ሰዓታት/153 እሴብህ ጸጋኪ.mp3,,,,,,,,,,,,,,,,,,,,
./audio/153  እሴብሕ ጸጋኪ ዘቊስቋም 6.mp3,ezil,https://eathebook.org/zema_bet/መስተብቊዕና ሰዓታት/ኪዳንና ሰዓታት/ሰዓታት/153 እሴብህ ጸጋኪ.mp3,,,,,,,,,,,,,,,,,,,,
./audio/153  እሴብሕ ጸጋኪ ዘቊስቋም 7.mp3,ezil,https://eathebook.org/zema_bet/መስተብቊዕና ሰዓታት/ኪዳንና ሰዓታት/ሰዓታት/153 እሴብህ ጸጋኪ.mp3,,,,,,,,,,,,,,,,,,,,
./audio/153  እሴብሕ ጸጋኪ ዘቊስቋም 8.mp3,ezil,https://eathebook.org/zema_bet/መስተብቊዕና ሰዓታት/ኪዳንና ሰዓታት/ሰዓታት/153 እሴብህ ጸጋኪ.mp3,,,,,,,,,,,,,,,,,,,,
./audio/153  እሴብሕ ጸጋኪ ዘቊስቋም 9.mp3,ezil,https://eathebook.org/zema_bet/መስተብቊዕና ሰዓታት/ኪዳንና ሰዓታት/ሰዓታት/153 እሴብህ ጸጋኪ.mp3,,,,,,,,,,,,,,,,,,,,
./audio/154  እሴብሕ ጸጋኪ ዘዘመነ ጽጌ 1.mp3,ezil,https://eathebook.org/zema_bet/መስተብቊዕና ሰዓታት/ኪዳንና ሰዓታት/ሰዓታት/154 እሴብህ ጸጋኪ.mp3,,,,,,,,,,,,,,,,,,,,
./audio/154  እሴብሕ ጸጋኪ ዘዘመነ ጽጌ 2.mp3,ezil,https://eathebook.org/zema_bet/መስተብቊዕና ሰዓታት/ኪዳንና ሰዓታት/ሰዓታት/154 እሴብህ ጸጋኪ.mp3,,,,,,,,,,,,,,,,,,,,
./audio/154  እሴብሕ ጸጋኪ ዘዘመነ ጽጌ 3.mp3,ezil,https://eathebook.org/zema_bet/መስተብቊዕና ሰዓታት/ኪዳንና ሰዓታት/ሰዓታት/154 እሴብህ ጸጋኪ.mp3,,,,,,,,,,,,,,,,,,,,
./audio/154  እሴብሕ ጸጋኪ ዘዘመነ ጽጌ 4.mp3,ezil,https://eathebook.org/zema_bet/መስተብቊዕና ሰዓታት/ኪዳንና ሰዓታት/ሰዓታት/154 እሴብህ ጸጋኪ.mp3,,,,,,,,,,,,,,,,,,,,
./audio/155  እሴብሕ ጸጋኪ ዘሐዋርያት.mp3,ezil,https://eathebook.org/zema_bet/መስተብቊዕና ሰዓታት/ኪዳንና ሰዓታት/ሰዓታት/155 እሴብህ ጸጋኪ.mp3,,,,,,,,,,,,,,,,,,,,
./audio/156  እሴብሕ ጸጋከ ዘመድኃኔዓለም 1.mp3,ezil,https://eathebook.org/zema_bet/መስተብቊዕና ሰዓታት/ኪዳንና ሰዓታት/ሰዓታት/156  እሴብህ ጸጋከ.mp3,,,,,,,,,,,,,,,,,,,,
./audio/156  እሴብሕ ጸጋከ ዘመድኃኔዓለም 2.mp3,ezil,https://eathebook.org/zema_bet/መስተብቊዕና ሰዓታት/ኪዳንና ሰዓታት/ሰዓታት/156  እሴብህ ጸጋከ.mp3,,,,,,,,,,,,,,,,,,,,
./audio/156  እሴብሕ ጸጋከ ዘመድኃኔዓለም 3.mp3,ezil,https://eathebook.org/zema_bet/መስተብቊዕና ሰዓታት/ኪዳንና ሰዓታት/ሰዓታት/156  እሴብህ ጸጋከ.mp3,,,,,,,,,,,,,,,,,,,,
./audio/156  እሴብሕ ጸጋከ ዘመድኃኔዓለም 4.mp3,ezil,https://eathebook.org/zema_bet/መስተብቊዕና ሰዓታት/ኪዳንና ሰዓታት/ሰዓታት/156  እሴብህ ጸጋከ.mp3,,,,,,,,,,,,,,,,,,,,
./audio/156  እሴብሕ ጸጋከ ዘመድኃኔዓለም 5.mp3,ezil,https://eathebook.org/zema_bet/መስተብቊዕና ሰዓታት/ኪዳንና ሰዓታት/ሰዓታት/156  እሴብህ ጸጋከ.mp3,,,,,,,,,,,,,,,,,,,,
./audio/157 መልክዐ ውዳሴ ዘሰኑይ_1.mp3,ezil,https://eathebook.org/zema_bet/መስተብቊዕና ሰዓታት/ኪዳንና ሰዓታት/ሰዓታት/157 መልክዐ ውዳሴ.mp3,,,,,,,,,,,,,,,,,,,,
./audio/157 መልክዐ ውዳሴ ዘሰኑይ_2.mp3,ezil,https://eathebook.org/zema_bet/መስተብቊዕና ሰዓታት/ኪዳንና ሰዓታት/ሰዓታት/157 መልክዐ ውዳሴ.mp3,,,,,,,,,,,,,,,,,,,,
./audio/157 መልክዐ ውዳሴ ዘሰኑይ_3.mp3,ezil,https://eathebook.org/zema_bet/መስተብቊዕና ሰዓታት/ኪዳንና ሰዓታት/ሰዓታት/157 መልክዐ ውዳሴ.mp3,,,,,,,,,,,,,,,,,,,,
./audio/1 ሊጦን ዘሰኑይ ግዕዝ 1-እንዘ ነአኲቶ-ጸልዩ.mp3,geez,https://eathebook.org/zema_bet/መስተብቊዕና ሰዓታት/ኪዳንና ሰዓታት/ሊጦን/ሊጦን እንዘ ነአኲቶ (1).mp3,,,,,,,,,,,,,,,,,,,,
./audio/1 ሊጦን ጸልዩ.mp3,geez,https://eathebook.org/zema_bet/መስተብቊዕና ሰዓታት/ኪዳንና ሰዓታት/ሊጦን/ሊጦን እንዘ ነአኲቶ (2).mp3,,,,,,,,,,,,,,,,,,,,
./audio/1 ሊጦን ዘሰኑይ ግዕዝ 2-እግዚእ ዘኵሎ.mp3,geez,https://eathebook.org/zema_bet/መስተብቊዕና ሰዓታት/ኪዳንና ሰዓታት/ሊጦን/ሊጦን እንዘ ነአኲቶ (3).mp3,,,,,,,,,,,,,,,,,,,,
./audio/2 ሊጦን ዘሠሉስ ግዕዝ 1_2.mp3,geez,https://eathebook.org/zema_bet/መስተብቊዕና ሰዓታት/ኪዳንና ሰዓታት/ሊጦን/ሊጦን ዘሠሉስ ግዕዝ (1).mp3,,,,,,,,,,,,,,,,,,,,
./audio/2 ሊጦን ጸልዩ.mp3,geez,https://eathebook.org/zema_bet/መስተብቊዕና ሰዓታት/ኪዳንና ሰዓታት/ሊጦን/ሊጦን ዘሠሉስ ግዕዝ (2).mp3,,,,,,,,,,,,,,,,,,,,
./audio/2 ሊጦን ዘሠሉስ ግዕዝ 3.mp3,geez,https://eathebook.org/zema_bet/መስተብቊዕና ሰዓታት/ኪዳንና ሰዓታት/ሊጦን/ሊጦን ዘሠሉስ ግዕዝ (3).mp3,,,,,,,,,,,,,,,,,,,,
./audio/3 ሊጦን ዘረቡዕ ግዕዝ 1_2.mp3,geez,https://eathebook.org/zema_bet/መስተብቊዕና ሰዓታት/ኪዳንና ሰዓታት/ሊጦን/ሊጦን ዘረቡዕ ግዕዝ (1).mp3,,,,,,,,,,,,,,,,,,,,
./audio/3 ሊጦን ጸልዩ.mp3,geez,https://eathebook.org/zema_bet/መስተብቊዕና ሰዓታት/ኪዳንና ሰዓታት/ሊጦን/ሊጦን ዘረቡዕ ግዕዝ (2).mp3,,,,,,,,,,,,,,,,,,,,
./audio/3 ሊጦን ዘረቡዕ ግዕዝ 3.mp3,geez,https://eathebook.org/zema_bet/መስተብቊዕና ሰዓታት/ኪዳንና ሰዓታት/ሊጦን/ሊጦን ዘረቡዕ ግዕዝ (3).mp3,,,,,,,,,,,,,,,,,,,,
./audio/4 ሊጦን ዘሐሙስ ግዕዝ 1_2.mp3,geez,https://eathebook.org/zema_bet/መስተብቊዕና ሰዓታት/ኪዳንና ሰዓታት/ሊጦን/ሊጦን ዘሐሙስ ግዕዝ (1).mp3,,,,,,,,,,,,,,,,,,,,
./audio/4 ሊጦን ጸልዩ.mp3,geez,https://eathebook.org/zema_bet/መስተብቊዕና ሰዓታት/ኪዳንና ሰዓታት/ሊጦን/ሊጦን ዘሐሙስ ግዕዝ (2).mp3,,,,,,,,,,,,,,,,,,,,
./audio/4 ሊጦን ዘሐሙስ ግዕዝ 3_1.mp3,geez,https://eathebook.org/zema_bet/መስተብቊዕና ሰዓታት/ኪዳንና ሰዓታት/ሊጦን/ሊጦን ዘሐሙስ ግዕዝ (3).mp3,,,,,,,,,,,,,,,,,,,,
./audio/4 ሊጦን ዘሐሙስ ግዕዝ 3_2.mp3,geez,https://eathebook.org/zema_bet/መስተብቊዕና ሰዓታት/ኪዳንና ሰዓታት/ሊጦን/ሊጦን ዘሐሙስ ግዕዝ (3).mp3,,,,,,,,,,,,,,,,,,,,
./audio/11 ሊጦን ዘሰኑይ ዕዝል 1_2_1.mp3,ezil,https://eathebook.org/zema_bet/መስተብቊዕና ሰዓታት/ኪዳንና ሰዓታት/ሊጦን/ሊጦን ዘሰኑይ ዕዝል (1).mp3,,,,,,,,,,,,,,,,,,,,
./audio/5 ሊጦን ጸልዩ.mp3,ezil,https://eathebook.org/zema_bet/መስተብቊዕና ሰዓታት/ኪዳንና ሰዓታት/ሊጦን/ሊጦን ዘሰኑይ ዕዝል (2).mp3,,,,,,,,,,,,,,,,,,,,
./audio/11 ሊጦን ዘሰኑይ ዕዝል 3_1.mp3,ezil,https://eathebook.org/zema_bet/መስተብቊዕና ሰዓታት/ኪዳንና ሰዓታት/ሊጦን/ሊጦን ዘሰኑይ ዕዝል (3).mp3,,,,,,,,,,,,,,,,,,,,
./audio/11 ሊጦን ዘሰኑይ ዕዝል 3_2.mp3,ezil,https://eathebook.org/zema_bet/መስተብቊዕና ሰዓታት/ኪዳንና ሰዓታት/ሊጦን/ሊጦን ዘሰኑይ ዕዝል (3).mp3,,,,,,,,,,,,,,,,,,,,
./audio/12 ሊጦን ዘሠሉስ ዕዝል 1_2.mp3,ezil,https://eathebook.org/zema_bet/መስተብቊዕና ሰዓታት/ኪዳንና ሰዓታት/ሊጦን/ሊጦን ዘሠሉስ ዕዝል (1).mp3,,,,,,,,,,,,,,,,,,,,
./audio/12 ሊጦን ዘሠሉስ ዕዝል 3_1.mp3,ezil,https://eathebook.org/zema_bet/መስተብቊዕና ሰዓታት/ኪዳንና ሰዓታት/ሊጦን/ሊጦን ዘሠሉስ ዕዝል (2).mp3,,,,,,,,,,,,,,,,,,,,
./audio/12 ሊጦን ዘሠሉስ ዕዝል 3_2.mp3,ezil,https://eathebook.org/zema_bet/መስተብቊዕና ሰዓታት/ኪዳንና ሰዓታት/ሊጦን/ሊጦን ዘሠሉስ ዕዝል (2).mp3,,,,,,,,,,,,,,,,,,,,
./audio/13 ሊጦን ዘረቡዕ ዕዝል 1_1.mp3,ezil,https://eathebook.org/zema_bet/መስተብቊዕና ሰዓታት/ኪዳንና ሰዓታት/ሊጦን/ሊጦን ዘረቡዕ ዕዝል (1).mp3,,,,,,,,,,,,,,,,,,,,
./audio/13 ሊጦን ጸልዩ.mp3,ezil,https://eathebook.org/zema_bet/መስተብቊዕና ሰዓታት/ኪዳንና ሰዓታት/ሊጦን/ሊጦን ዘረቡዕ ዕዝል (2).mp3,,,,,,,,,,,,,,,,,,,,
./audio/13 ሊጦን ዘረቡዕ ዕዝል 3.mp3,ezil,https://eathebook.org/zema_bet/መስተብቊዕና ሰዓታት/ኪዳንና ሰዓታት/ሊጦን/ሊጦን ዘረቡዕ ዕዝል (3).mp3,,,,,,,,,,,,,,,,,,,,
./audio/14 ሊጦን ዘሐሙስ ዕዝል 1_2.mp3,ezil,https://eathebook.org/zema_bet/መስተብቊዕና ሰዓታት/ኪዳንና ሰዓታት/ሊጦን/ሊጦን ዘሐሙስ ዕዝል (1).mp3,,,,,,,,,,,,,,,,,,,,
./audio/14 ሊጦን ጸልዩ.mp3,ezil,https://eathebook.org/zema_bet/መስተብቊዕና ሰዓታት/ኪዳንና ሰዓታት/ሊጦን/ሊጦን ዘሐሙስ ዕዝል (2).mp3,,,,,,,,,,,,,,,,,,,,
./audio/14 ሊጦን ዘሐሙስ ዕዝል 3_1.mp3,ezil,https://eathebook.org/zema_bet/መስተብቊዕና ሰዓታት/ኪዳንና ሰዓታት/ሊጦን/ሊጦን ዘሐሙስ ዕዝል (3).mp3,,,,,,,,,,,,,,,,,,,,
./audio/14 ሊጦን ዘሐሙስ ዕዝል 3_2.mp3,ezil,https://eathebook.org/zema_bet/መስተብቊዕና ሰዓታት/ኪዳንና ሰዓታት/ሊጦን/ሊጦን ዘሐሙስ ዕዝል (3).mp3,,,,,,,,,,,,,,,,,,,,
./audio/14 ሊጦን ዘሐሙስ ዕዝል 3_3.mp3,ezil,https://eathebook.org/zema_bet/መስተብቊዕና ሰዓታት/ኪዳንና ሰዓታት/ሊጦን/ሊጦን ዘሐሙስ ዕዝል (3).mp3,,,,,,,,,,,,,,,,,,,,
./audio/15 ሊጦን ዘዐርብ ዕዝል 1_2_1.mp3,ezil,https://eathebook.org/zema_bet/መስተብቊዕና ሰዓታት/ኪዳንና ሰዓታት/ሊጦን/ሊጦን ዘዐርብ ዕዝል (1).mp3,,,,,,,,,,,,,,,,,,,,
./audio/15 ሊጦን ዘዐርብ ዕዝል 1_2_2.mp3,ezil,https://eathebook.org/zema_bet/መስተብቊዕና ሰዓታት/ኪዳንና ሰዓታት/ሊጦን/ሊጦን ዘዐርብ ዕዝል (1).mp3,,,,,,,,,,,,,,,,,,,,
./audio/15 ሊጦን ዘዐርብ ዕዝል 3_1.mp3,ezil,https://eathebook.org/zema_bet/መስተብቊዕና ሰዓታት/ኪዳንና ሰዓታት/ሊጦን/ሊጦን ዘዐርብ ዕዝል (3).mp3,,,,,,,,,,,,,,,,,,,,
./audio/15 ሊጦን ዘዐርብ ዕዝል 3_2.mp3,ezil,https://eathebook.org/zema_bet/መስተብቊዕና ሰዓታት/ኪዳንና ሰዓታት/ሊጦን/ሊጦን ዘዐርብ ዕዝል (3).mp3,,,,,,,,,,,,,,,,,,,,
./audio/16 ሊጦን ዘቀዳሚት ዕዝል 1_1.mp3,ezil,https://eathebook.org/zema_bet/መስተብቊዕና ሰዓታት/ኪዳንና ሰዓታት/ሊጦን/ሊጦን ዘቀዳሚት ዕዝል (1).mp3,,,,,,,,,,,,,,,,,,,,
./audio/16 ሊጦን ዘቀዳሚት ዕዝል 1_2.mp3,ezil,https://eathebook.org/zema_bet/መስተብቊዕና ሰዓታት/ኪዳንና ሰዓታት/ሊጦን/ሊጦን ዘቀዳሚት ዕዝል (1).mp3,,,,,,,,,,,,,,,,,,,,
./audio/16 ሊጦን ዘቀዳሚት ዕዝል 3.mp3,ezil,https://eathebook.org/zema_bet/መስተብቊዕና ሰዓታት/ኪዳንና ሰዓታት/ሊጦን/ሊጦን ዘቀዳሚት ዕዝል (3).mp3,,,,,,,,,,,,,,,,,,,,
./audio/17 ሊጦን ዘእሁድ ዕዝል 1.mp3,ezil,https://eathebook.org/zema_bet/መስተብቊዕና ሰዓታት/ኪዳንና ሰዓታት/ሊጦን/ሊጦን ዘእሁድ ዕዝል (1).mp3,,,,,,,,,,,,,,,,,,,,
./audio/17 ሊጦን ዘእሁድ ዕዝል 2.mp3,ezil,https://eathebook.org/zema_bet/መስተብቊዕና ሰዓታት/ኪዳንና ሰዓታት/ሊጦን/ሊጦን ዘእሁድ ዕዝል (2).mp3,,,,,,,,,,,,,,,,,,,,
./audio/17 ሊጦን ዘእሁድ ዕዝል 3.mp3,ezil,https://eathebook.org/zema_bet/መስተብቊዕና ሰዓታት/ኪዳንና ሰዓታት/ሊጦን/ሊጦን ዘእሁድ ዕዝል (3).mp3,,,,,,,,,,,,,,,,,,,,
./audio/18 ሊጦን ዘቀዳም ስዑር 1.mp3,ezil,https://eathebook.org/zema_bet/መስተብቊዕና ሰዓታት/ኪዳንና ሰዓታት/ሊጦን/ሊጦን ዘቀዳም ስዑር (1).mp3,,,,,,,,,,,,,,,,,,,,
./audio/18 ሊጦን ጸልዩ.mp3,ezil,https://eathebook.org/zema_bet/መስተብቊዕና ሰዓታት/ኪዳንና ሰዓታት/ሊጦን/ሊጦን ዘቀዳም ስዑር (2).mp3,,,,,,,,,,,,,,,,,,,,
./audio/18 ሊጦን ዘቀዳም ስዑር 2.mp3,ezil,https://eathebook.org/zema_bet/መስተብቊዕና ሰዓታት/ኪዳንና ሰዓታት/ሊጦን/ሊጦን ዘቀዳም ስዑር (3).mp3,,,,,,,,,,,,,,,,,,,,
./audio/23 ሊጦን ዘረቡዕ አራራይ 1.mp3,araray,https://eathebook.org/zema_bet/መስተብቊዕና ሰዓታት/ኪዳንና ሰዓታት/ሊጦን/ሊጦን ዘረቡዕ አራራይ (1).mp3,,,,,,,,,,,,,,,,,,,,
./audio/23 ሊጦን ዘረቡዕ አራራይ 2.mp3,araray,https://eathebook.org/zema_bet/መስተብቊዕና ሰዓታት/ኪዳንና ሰዓታት/ሊጦን/ሊጦን ዘረቡዕ አራራይ (2).mp3,,,,,,,,,,,,,,,,,,,,
./audio/23 ሊጦን ዘረቡዕ አራራይ 3.mp3,araray,https://eathebook.org/zema_bet/መስተብቊዕና ሰዓታት/ኪዳንና ሰዓታት/ሊጦን/ሊጦን ዘረቡዕ አራራይ (3).mp3,,,,,,,,,,,,,,,,,,,,
./audio/1 ግዕዝ-መስተብቊዕ በእንተ ዱያን 1 ወካዕበ.mp3,geez,https://eathebook.org/zema_bet/መስተብቊዕና ሰዓታት/ኪዳንና ሰዓታት/መስተብቊዕ/መስተብቊዕ በእንተ ዱያን (4).mp3,,,,,,,,,,,,,,,,,,,,
./audio/መስተብቊዕ በእንተ ዱያን 2.mp3,geez,https://eathebook.org/zema_bet/መስተብቊዕና ሰዓታት/ኪዳንና ሰዓታት/መስተብቊዕ/መስተብቊዕ በእንተ ዱያን (5).mp3,,,,,,,,,,,,,,,,,,,,
./audio/1 ግዕዝ-መስተብቊዕ በእንተ ዱያን 3 እግዚአብሔር.mp3,geez,https://eathebook.org/zema_bet/መስተብቊዕና ሰዓታት/ኪዳንና ሰዓታት/መስተብቊዕ/መስተብቊዕ በእንተ ዱያን (1).mp3,,,,,,,,,,,,,,,,,,,,
./audio/መስተብቊዕ በእንተ ዱያን 4.mp3,geez,https://eathebook.org/zema_bet/መስተብቊዕና ሰዓታት/ኪዳንና ሰዓታት/መስተብቊዕ/መስተብቊዕ በእንተ ዱያን (2).mp3,,,,,,,,,,,,,,,,,,,,
./audio/1 ግዕዝ-መስተብቊዕ በእንተ ዱያን 5 መፈውሰ ነፍስ.mp3,geez,https://eathebook.org/zema_bet/መስተብቊዕና ሰዓታት/ኪዳንና ሰዓታት/መስተብቊዕ/መስተብቊዕ በእንተ ዱያን (3).mp3,,,,,,,,,,,,,,,,,,,,
./audio/2 ግዕዝ-መስተብቊዕ በእንተ እለ ይነግዱ 1.mp3,geez,https://eathebook.org/zema_bet/መስተብቊዕና ሰዓታት/ኪዳንና ሰዓታት/መስተብቊዕ/መስተብቊዕ በእንተ እለ ይነግዱ (1).mp3,,,,,,,,,,,,,,,,,,,,
./audio/2 ግዕዝ-መስተብቊዕ በእንተ እለ ይነግዱ 2.mp3,geez,https://eathebook.org/zema_bet/መስተብቊዕና ሰዓታት/ኪዳንና ሰዓታት/መስተብቊዕ/መስተብቊዕ በእንተ እለ ይነግዱ (2).mp3,,,,,,,,,,,,,,,,,,,,
./audio/2 ግዕዝ-መስተብቊዕ በእንተ እለ ይነግዱ 3.mp3,geez,https://eathebook.org/zema_bet/መስተብቊዕና ሰዓታት/ኪዳንና ሰዓታት/መስተብቊዕ/መስተብቊዕ በእንተ እለ ይነግዱ (3).mp3,,,,,,,,,,,,,,,,,,,,
./audio/2 ግዕዝ-መስተብቊዕ በእንተ እለ ይነግዱ 4.mp3,geez,https://eathebook.org/zema_bet/መስተብቊዕና ሰዓታት/ኪዳንና ሰዓታት/መስተብቊዕ/መስተብቊዕ በእንተ እለ ይነግዱ (4).mp3,,,,,,,,,,,,,,,,,,,,
./audio/2 ግዕዝ-መስተብቊዕ በእንተ እለ ይነግዱ 5.mp3,geez,https://eathebook.org/zema_bet/መስተብቊዕና ሰዓታት/ኪዳንና ሰዓታት/መስተብቊዕ/መስተብቊዕ በእንተ እለ ይነግዱ (5).mp3,,,,,,,,,,,,,,,,,,,,
./audio/3 ግዕዝ-መስተብቊዕ በእንተ ዝናማት 1.mp3,geez,https://eathebook.org/zema_bet/መስተብቊዕና ሰዓታት/ኪዳንና ሰዓታት/መስተብቊዕ/መስተብቊዕ በእንተ ዝናማት (1).mp3,,,,,,,,,,,,,,,,,,,,
./audio/3 ግዕዝ-መስተብቊዕ በእንተ ዝናማት 2.mp3,geez,https://eathebook.org/zema_bet/መስተብቊዕና ሰዓታት/ኪዳንና ሰዓታት/መስተብቊዕ/መስተብቊዕ በእንተ ዝናማት (2).mp3,,,,,,,,,,,,,,,,,,,,
./audio/3 ግዕዝ-መስተብቊዕ በእንተ ዝናማት 3.mp3,geez,https://eathebook.org/zema_bet/መስተብቊዕና ሰዓታት/ኪዳንና ሰዓታት/መስተብቊዕ/መስተብቊዕ በእንተ ዝናማት (3).mp3,,,,,,,,,,,,,,,,,,,,
./audio/3 ግዕዝ-መስተብቊዕ በእንተ ዝናማት 4.mp3,geez,https://eathebook.org/zema_bet/መስተብቊዕና ሰዓታት/ኪዳንና ሰዓታት/መስተብቊዕ/መስተብቊዕ በእንተ ዝናማት (4).mp3,,,,,,,,,,,,,,,,,,,,
./audio/3 ግዕዝ-መስተብቊዕ በእንተ ዝናማት 5.mp3,geez,https://eathebook.org/zema_bet/መስተብቊዕና ሰዓታት/ኪዳንና ሰዓታት/መስተብቊዕ/መስተብቊዕ በእንተ ዝናማት (5).mp3,,,,,,,,,,,,,,,,,,,,
./audio/4 ግዕዝ-መስተብቊዕ በእንተ ፍሬ ምድር 1.mp3,geez,https://eathebook.org/zema_bet/መስተብቊዕና ሰዓታት/ኪዳንና ሰዓታት/መስተብቊዕ/መስተብቊዕ በእንተ ፍሬ ምድር (1).mp3,,,,,,,,,,,,,,,,,,,,
./audio/4 ግዕዝ-መስተብቊዕ በእንተ ፍሬ ምድር 2.mp3,geez,https://eathebook.org/zema_bet/መስተብቊዕና ሰዓታት/ኪዳንና ሰዓታት/መስተብቊዕ/መስተብቊዕ በእንተ ፍሬ ምድር (2).mp3,,,,,,,,,,,,,,,,,,,,
./audio/4 ግዕዝ-መስተብቊዕ በእንተ ፍሬ ምድር 3.mp3,geez,https://eathebook.org/zema_bet/መስተብቊዕና ሰዓታት/ኪዳንና ሰዓታት/መስተብቊዕ/መስተብቊዕ በእንተ ፍሬ ምድር (3).mp3,,,,,,,,,,,,,,,,,,,,
./audio/4 ግዕዝ-መስተብቊዕ በእንተ ፍሬ ምድር 4.mp3,geez,https://eathebook.org/zema_bet/መስተብቊዕና ሰዓታት/ኪዳንና ሰዓታት/መስተብቊዕ/መስተብቊዕ በእንተ ፍሬ ምድር (4).mp3,,,,,,,,,,,,,,,,,,,,
./audio/4 ግዕዝ-መስተብቊዕ በእንተ ፍሬ ምድር 5.mp3,geez,https://eathebook.org/zema_bet/መስተብቊዕና ሰዓታት/ኪዳንና ሰዓታት/መስተብቊዕ/መስተብቊዕ በእንተ ፍሬ ምድር (5).mp3,,,,,,,,,,,,,,,,,,,,
./audio/5 ግዕዝ-መስተብቊዕ በእንተ ማያተ አፍላግ 1.mp3,geez,https://eathebook.org/zema_bet/መስተብቊዕና ሰዓታት/ኪዳንና ሰዓታት/መስተብቊዕ/መስተብቊዕ በእንተ ማያተ አፍላግ (1).mp3,,,,,,,,,,,,,,,,,,,,
./audio/5 ግዕዝ-መስተብቊዕ በእንተ ማያተ አፍላግ 2.mp3,geez,https://eathebook.org/zema_bet/መስተብቊዕና ሰዓታት/ኪዳንና ሰዓታት/መስተብቊዕ/መስተብቊዕ በእንተ ማያተ አፍላግ (2).mp3,,,,,,,,,,,,,,,,,,,,
./audio/5 ግዕዝ-መስተብቊዕ በእንተ ማያተ አፍላግ 3.mp3,geez,https://eathebook.org/zema_bet/መስተብቊዕና ሰዓታት/ኪዳንና ሰዓታት/መስተብቊዕ/መስተብቊዕ በእንተ ማያተ አፍላግ (3).mp3,,,,,,,,,,,,,,,,,,,,
./audio/6 ግዕዝ-መስተብቊዕ በእንተ ሀገር 1.mp3,geez,https://eathebook.org/zema_bet/መስተብቊዕና ሰዓታት/ኪዳንና ሰዓታት/መስተብቊዕ/መስተብቊዕ በእንተ ሀገር (1).mp3,,,,,,,,,,,,,,,,,,,,
./audio/6 ግዕዝ-መስተብቊዕ በእንተ ሀገር 2.mp3,geez,https://eathebook.org/zema_bet/መስተብቊዕና ሰዓታት/ኪዳንና ሰዓታት/መስተብቊዕ/መስተብቊዕ በእንተ ሀገር (2).mp3,,,,,,,,,,,,,,,,,,,,
./audio/6 ግዕዝ-መስተብቊዕ በእንተ ሀገር 3.mp3,geez,https://eathebook.org/zema_bet/መስተብቊዕና ሰዓታት/ኪዳንና ሰዓታት/መስተብቊዕ/መስተብቊዕ በእንተ ሀገር (3).mp3,,,,,,,,,,,,,,,,,,,,
./audio/6 ግዕዝ-መስተብቊዕ በእንተ ሀገር 4.mp3,geez,https://eathebook.org/zema_bet/መስተብቊዕና ሰዓታት/ኪዳንና ሰዓታት/መስተብቊዕ/መስተብቊዕ በእንተ ሀገር (4).mp3,,,,,,,,,,,,,,,,,,,,
./audio/6 ግዕዝ-መስተብቊዕ በእንተ ሀገር 5.mp3,geez,https://eathebook.org/zema_bet/መስተብቊዕና ሰዓታት/ኪዳንና ሰዓታት/መስተብቊዕ/መስተብቊዕ በእንተ ሀገር (5).mp3,,,,,,,,,,,,,,,,,,,,
./audio/7 ግዕዝ-መስተብቊዕ በእንተ ኖሙ 1.mp3,geez,https://eathebook.org/zema_bet/መስተብቊዕና ሰዓታት/ኪዳንና ሰዓታት/መስተብቊዕ/መስተብቊዕ በእንተ ኖሙ (1).mp3,,,,,,,,,,,,,,,,,,,,
./audio/8 ግዕዝ-መስተብቊዕ በእንተ ንዑሰ ክርስቲያን 1.mp3,geez,https://eathebook.org/zema_bet/መስተብቊዕና ሰዓታት/ኪዳንና ሰዓታት/መስተብቊዕ/መስተብቊዕ በእንተ ንዑሰ ክርስቲያን (1).mp3,,,,,,,,,,,,,,,,,,,,
./audio/8 ግዕዝ-መስተብቊዕ በእንተ ንዑሰ ክርስቲያን 2.mp3,geez,https://eathebook.org/zema_bet/መስተብቊዕና ሰዓታት/ኪዳንና ሰዓታት/መስተብቊዕ/መስተብቊዕ በእንተ ንዑሰ ክርስቲያን (2).mp3,,,,,,,,,,,,,,,,,,,,
./audio/8 ግዕዝ-መስተብቊዕ በእንተ ንዑሰ ክርስቲያን 3.mp3,geez,https://eathebook.org/zema_bet/መስተብቊዕና ሰዓታት/ኪዳንና ሰዓታት/መስተብቊዕ/መስተብቊዕ በእንተ ንዑሰ ክርስቲያን (3).mp3,,,,,,,,,,,,,,,,,,,,
./audio/8 ግዕዝ-መስተብቊዕ በእንተ ንዑሰ ክርስቲያን 4.mp3,geez,https://eathebook.org/zema_bet/መስተብቊዕና ሰዓታት/ኪዳንና ሰዓታት/መስተብቊዕ/መስተብቊዕ በእንተ ንዑሰ ክርስቲያን (4).mp3,,,,,,,,,,,,,,,,,,,,
./audio/8 ግዕዝ-መስተብቊዕ በእንተ ንዑሰ ክርስቲያን 5.mp3,geez,https://eathebook.org/zema_bet/መስተብቊዕና ሰዓታት/ኪዳንና ሰዓታት/መስተብቊዕ/መስተብቊዕ በእንተ ንዑሰ ክርስቲያን (5).mp3,,,,,,,,,,,,,,,,,,,,
./audio/9 ግዕዝ-መስተብቊዕ በእንተ ሰላም 1.mp3,geez,https://eathebook.org/zema_bet/መስተብቊዕና ሰዓታት/ኪዳንና ሰዓታት/መስተብቊዕ/መስተብቊዕ በእንተ ሰላም (1).mp3,,,,,,,,,,,,,,,,,,,,
./audio/9 ግዕዝ-መስተብቊዕ በእንተ ሰላም 2.mp3,geez,https://eathebook.org/zema_bet/መስተብቊዕና ሰዓታት/ኪዳንና ሰዓታት/መስተብቊዕ/መስተብቊዕ በእንተ ሰላም (2).mp3,,,,,,,,,,,,,,,,,,,,
./audio/9 ግዕዝ-መስተብቊዕ በእንተ ሰላም 3.mp3,geez,https://eathebook.org/zema_bet/መስተብቊዕና ሰዓታት/ኪዳንና ሰዓታት/መስተብቊዕ/መስተብቊዕ በእንተ ሰላም (3).mp3,,,,,,,,,,,,,,,,,,,,
./audio/9 ግዕዝ-መስተብቊዕ በእንተ ሰላም 4.mp3,geez,https://eathebook.org/zema_bet/መስተብቊዕና ሰዓታት/ኪዳንና ሰዓታት/መስተብቊዕ/መስተብቊዕ በእንተ ሰላም (4).mp3,,,,,,,,,,,,,,,,,,,,
./audio/9 ግዕዝ-መስተብቊዕ በእንተ ሰላም 5.mp3,geez,https://eathebook.org/zema_bet/መስተብቊዕና ሰዓታት/ኪዳንና ሰዓታት/መስተብቊዕ/መስተብቊዕ በእንተ ሰላም (5).mp3,,,,,,,,,,,,,,,,,,,,
./audio/10 መስተብቊዕ ዘእግዝእትነ ማርያም 1.mp3,ezil,https://eathebook.org/zema_bet/መስተብቊዕና ሰዓታት/ኪዳንና ሰዓታት/መስተብቊዕ/መስተብቊዕ ዘእግዝእትነ ማርያም (1).mp3,,,,,,,,,,,,,,,,,,,,
./audio/10 መስተብቊዕ ዘእግዝእትነ ማርያም 2.mp3,ezil,https://eathebook.org/zema_bet/መስተብቊዕና ሰዓታት/ኪዳንና ሰዓታት/መስተብቊዕ/መስተብቊዕ ዘእግዝእትነ ማርያም (2).mp3,,,,,,,,,,,,,,,,,,,,
./audio/10 መስተብቊዕ ዘእግዝእትነ ማርያም 3.mp3,ezil,https://eathebook.org/zema_bet/መስተብቊዕና ሰዓታት/ኪዳንና ሰዓታት/መስተብቊዕ/መስተብቊዕ ዘእግዝእትነ ማርያም (3).mp3,,,,,,,,,,,,,,,,,,,,
./audio/10 መስተብቊዕ ዘእግዝእትነ ማርያም 4_1.mp3,ezil,https://eathebook.org/zema_bet/መስተብቊዕና ሰዓታት/ኪዳንና ሰዓታት/መስተብቊዕ/መስተብቊዕ ዘእግዝእትነ ማርያም (4).mp3,,,,,,,,,,,,,,,,,,,,
./audio/10 መስተብቊዕ ዘእግዝእትነ ማርያም 4_2.mp3,ezil,https://eathebook.org/zema_bet/መስተብቊዕና ሰዓታት/ኪዳንና ሰዓታት/መስተብቊዕ/መስተብቊዕ ዘእግዝእትነ ማርያም (4).mp3,,,,,,,,,,,,,,,,,,,,
./audio/11 መስተብቊዕ ዘመስቀል 1.mp3,ezil,https://eathebook.org/zema_bet/መስተብቊዕና ሰዓታት/ኪዳንና ሰዓታት/መስተብቊዕ/መስተብቊዕ ዘመስቀል (1).mp3,,,,,,,,,,,,,,,,,,,,
./audio/11 መስተብቊዕ ዘመስቀል 2.mp3,ezil,https://eathebook.org/zema_bet/መስተብቊዕና ሰዓታት/ኪዳንና ሰዓታት/መስተብቊዕ/መስተብቊዕ ዘመስቀል (2).mp3,,,,,,,,,,,,,,,,,,,,
./audio/11 መስተብቊዕ ዘመስቀል 3.mp3,ezil,https://eathebook.org/zema_bet/መስተብቊዕና ሰዓታት/ኪዳንና ሰዓታት/መስተብቊዕ/መስተብቊዕ ዘመስቀል (3).mp3,,,,,,,,,,,,,,,,,,,,
./audio/11 መስተብቊዕ ዘመስቀል 4_1.mp3,ezil,https://eathebook.org/zema_bet/መስተብቊዕና ሰዓታት/ኪዳንና ሰዓታት/መስተብቊዕ/መስተብቊዕ ዘመስቀል (4).mp3,,,,,,,,,,,,,,,,,,,,
./audio/11 መስተብቊዕ ዘመስቀል 4_2.mp3,ezil,https://eathebook.org/zema_bet/መስተብቊዕና ሰዓታት/ኪዳንና ሰዓታት/መስተብቊዕ/መስተብቊዕ ዘመስቀል (4).mp3,,,,,,,,,,,,,,,,,,,,
./audio/11 መስተብቊዕ ዘመስቀል 4_3.mp3,ezil,https://eathebook.org/zema_bet/መስተብቊዕና ሰዓታት/ኪዳንና ሰዓታት/መስተብቊዕ/መስተብቊዕ ዘመስቀል (4).mp3,,,,,,,,,,,,,,,,,,,,
./audio/12 መስተብቊዕ ዘሙታን 1.mp3,ezil,https://eathebook.org/zema_bet/መስተብቊዕና ሰዓታት/ኪዳንና ሰዓታት/መስተብቊዕ/መስተብቊዕ ዘሙታን (1).mp3,,,,,,,,,,,,,,,,,,,,
./audio/12 መስተብቊዕ ዘሙታን 2.mp3,ezil,https://eathebook.org/zema_bet/መስተብቊዕና ሰዓታት/ኪዳንና ሰዓታት/መስተብቊዕ/መስተብቊዕ ዘሙታን (2).mp3,,,,,,,,,,,,,,,,,,,,
./audio/12 መስተብቊዕ ዘሙታን 3.mp3,ezil,https://eathebook.org/zema_bet/መስተብቊዕና ሰዓታት/ኪዳንና ሰዓታት/መስተብቊዕ/መስተብቊዕ ዘሙታን (3).mp3,,,,,,,,,,,,,,,,,,,,
./audio/12 መስተብቊዕ ዘሙታን 4.mp3,ezil,https://eathebook.org/zema_bet/መስተብቊዕና ሰዓታት/ኪዳንና ሰዓታት/መስተብቊዕ/መስተብቊዕ ዘሙታን (4).mp3,,,,,,,,,,,,,,,,,,,,
./audio/12 መስተብቊዕ ዘሙታን 5.mp3,ezil,https://eathebook.org/zema_bet/መስተብቊዕና ሰዓታት/ኪዳንና ሰዓታት/መስተብቊዕ/መስተብቊዕ ዘሙታን (5).mp3,,,,,,,,,,,,,,,,,,,,
./audio/12 መስተብቊዕ ዘሙታን 6.mp3,ezil,https://eathebook.org/zema_bet/መስተብቊዕና ሰዓታት/ኪዳንና ሰዓታት/መስተብቊዕ/መስተብቊዕ ዘሙታን (6).mp3,,,,,,,,,,,,,,,,,,,,
./audio/12 መስተብቊዕ ዘሙታን 7.mp3,ezil,https://eathebook.org/zema_bet/መስተብቊዕና ሰዓታት/ኪዳንና ሰዓታት/መስተብቊዕ/መስተብቊዕ ዘሙታን (7).mp3,,,,,,,,,,,,,,,,,,,,
./audio/12 መስተብቊዕ ዘሙታን 8.mp3,ezil,https://eathebook.org/zema_bet/መስተብቊዕና ሰዓታት/ኪዳንና ሰዓታት/መስተብቊዕ/መስተብቊዕ ዘሙታን (8).mp3,,,,,,,,,,,,,,,,,,,,
./audio/13 መስተብቊዕ ዘሙታን እግዚአ ሕያዋን 1_1.mp3,ezil,https://eathebook.org/zema_bet/መስተብቊዕና ሰዓታት/ኪዳንና ሰዓታት/መስተብቊዕ/መስተብቊዕ ዘሙታን እግዚአ ሕያዋን (1).mp3,,,,,,,,,,,,,,,,,,,,
./audio/13 መስተብቊዕ ዘሙታን እግዚአ ሕያዋን 1_2.mp3,ezil,https://eathebook.org/zema_bet/መስተብቊዕና ሰዓታት/ኪዳንና ሰዓታት/መስተብቊዕ/መስተብቊዕ ዘሙታን እግዚአ ሕያዋን (1).mp3,,,,,,,,,,,,,,,,,,,,
./audio/13 መስተብቊዕ ዘሙታን እግዚአ ሕያዋን 1_3.mp3,ezil,https://eathebook.org/zema_bet/መስተብቊዕና ሰዓታት/ኪዳንና ሰዓታት/መስተብቊዕ/መስተብቊዕ ዘሙታን እግዚአ ሕያዋን (1).mp3,,,,,,,,,,,,,,,,,,,,
./audio/13 መስተብቊዕ ዘሙታን እግዚአ ሕያዋን 2.mp3,ezil,https://eathebook.org/zema_bet/መስተብቊዕና ሰዓታት/ኪዳንና ሰዓታት/መስተብቊዕ/መስተብቊዕ ዘሙታን እግዚአ ሕያዋን (2).mp3,,,,,,,,,,,,,,,,,,,,
./audio/13 መስተብቊዕ ዘሙታን እግዚአ ሕያዋን 3.mp3,ezil,https://eathebook.org/zema_bet/መስተብቊዕና ሰዓታት/ኪዳንና ሰዓታት/መስተብቊዕ/መስተብቊዕ ዘሙታን እግዚአ ሕያዋን (3).mp3,,,,,,,,,,,,,,,,,,,,
./audio/13 መስተብቊዕ ዘሙታን እግዚአ ሕያዋን 4.mp3,ezil,https://eathebook.org/zema_bet/መስተብቊዕና ሰዓታት/ኪዳንና ሰዓታት/መስተብቊዕ/መስተብቊዕ ዘሙታን እግዚአ ሕያዋን (4).mp3,,,,,,,,,,,,,,,,,,,,
./audio/13 መስተብቊዕ ዘሙታን እግዚአ ሕያዋን 5.mp3,ezil,https://eathebook.org/zema_bet/መስተብቊዕና ሰዓታት/ኪዳንና ሰዓታት/መስተብቊዕ/መስተብቊዕ ዘሙታን እግዚአ ሕያዋን (5).mp3,,,,,,,,,,,,,,,,,,,,
./audio/13 መስተብቊዕ ዘሙታን እግዚአ ሕያዋን 6.mp3,ezil,https://eathebook.org/zema_bet/መስተብቊዕና ሰዓታት/ኪዳንና ሰዓታት/መስተብቊዕ/መስተብቊዕ ዘሙታን እግዚአ ሕያዋን (6).mp3,,,,,,,,,,,,,,,,,,,,
./audio/13 መስተብቊዕ ዘሙታን እግዚአ ሕያዋን 7_1.mp3,ezil,https://eathebook.org/zema_bet/መስተብቊዕና ሰዓታት/ኪዳንና ሰዓታት/መስተብቊዕ/መስተብቊዕ ዘሙታን እግዚአ ሕያዋን (7).mp3,,,,,,,,,,,,,,,,,,,,
./audio/13 መስተብቊዕ ዘሙታን እግዚአ ሕያዋን 7_2.mp3,ezil,https://eathebook.org/zema_bet/መስተብቊዕና ሰዓታት/ኪዳንና ሰዓታት/መስተብቊዕ/መስተብቊዕ ዘሙታን እግዚአ ሕያዋን (7).mp3,,,,,,,,,,,,,,,,,,,,
./audio/14 መስተብቊዕ በእንተ ዱያን ዕዝል 1.mp3,ezil,https://eathebook.org/zema_bet/መስተብቊዕና ሰዓታት/ኪዳንና ሰዓታት/መስተብቊዕ/መስተብቊዕ በእንተ ዱያን ዕዝል (1).mp3,,,,,,,,,,,,,,,,,,,,
./audio/14 መስተብቊዕ በእንተ ዱያን ዕዝል 2.mp3,ezil,https://eathebook.org/zema_bet/መስተብቊዕና ሰዓታት/ኪዳንና ሰዓታት/መስተብቊዕ/መስተብቊዕ በእንተ ዱያን ዕዝል (2).mp3,,,,,,,,,,,,,,,,,,,,
./audio/14 መስተብቊዕ በእንተ ዱያን ዕዝል 3.mp3,ezil,https://eathebook.org/zema_bet/መስተብቊዕና ሰዓታት/ኪዳንና ሰዓታት/መስተብቊዕ/መስተብቊዕ በእንተ ዱያን ዕዝል (3).mp3,,,,,,,,,,,,,,,,,,,,
./audio/14 መስተብቊዕ በእንተ ዱያን ዕዝል 4.mp3,ezil,https://eathebook.org/zema_bet/መስተብቊዕና ሰዓታት/ኪዳንና ሰዓታት/መስተብቊዕ/መስተብቊዕ በእንተ ዱያን ዕዝል (4).mp3,,,,,,,,,,,,,,,,,,,,
./audio/14 መስተብቊዕ በእንተ ዱያን ዕዝል 5.mp3,ezil,https://eathebook.org/zema_bet/መስተብቊዕና ሰዓታት/ኪዳንና ሰዓታት/መስተብቊዕ/መስተብቊዕ በእንተ ዱያን ዕዝል (5).mp3,,,,,,,,,,,,,,,,,,,,
